id,level,outcome,arabic,english,our_romanization,our_vowelled,why
84,1,A,اثْنَيْن,two (2),tneen,تْنِين,romanization 3/3 match. vowelled letters 3/3
233,1,A,مَرْحَبْتَيْن,double hello (warm reply),mar7abteen,مَرْحَبْتِين,romanization 3/3 match. vowelled letters 3/3
250,1,A,تِصْبَحِي عَلَى خَيْر,good night (to f.),tiSba7i 3ala kheer,تِصْبَحِي عَلَى خِير,romanization 3/3 match. vowelled letters 3/3
255,1,B,بْشُوفَك,see you (to m.),bashuufak,بَشُوفَك,"romanization 2/3 match, 1 ee/ii-oo/uu only. vowelled letters 3/3"
3034,1,A,ثمن,eight + noun,taman,تَمَن,romanization 3/3 match. vowelled letters 3/3
11,1,A,هَدُول,these,hadool,هَدُول,romanization 3/3 match. vowelled letters 3/3
21,1,A,إِيمْتَى,when,eemta,إِيمْتَى,romanization 3/3 match. vowelled letters 3/3
136,1,A,صُبُح,morning,Sub7,صُبْح,romanization 3/3 match. vowelled letters 3/3. short vowels differ in 1/3
248,1,B,مَسَا النُّور,good evening (reply),masa in-nuur,مَسَا النُّور,"romanization 2/3 match, 1 ee/ii-oo/uu only. vowelled letters 3/3. short vowels differ in 1/3"
249,1,A,تِصْبَح عَلَى خَيْر,good night (to m.),tiSba7 3ala kheer,تِصْبَح عَلَى خِير,romanization 3/3 match. vowelled letters 3/3
521,1,A,قِدِر,was able to / could,'idir,قِدِر,romanization 3/3 match. vowelled letters 3/3
1083,1,A,حِلْو,sweet,7ilu,حِلُو,romanization 3/3 match. vowelled letters 3/3
1474,1,A,حِلْو,pretty / beautiful / sweet,7ilu,حِلُو,romanization 3/3 match. vowelled letters 3/3
1686,1,A,شِيكِل,shekel (currency),sheekel,شِيكِل,romanization 3/3 match. vowelled letters 3/3
3033,1,A2,سبع,seven + noun,sabi3,سَبِع,romanization 2/3 match. vowelled letters 3/3. short vowels differ in 3/3
3035,1,A,تسع,nine + noun,tisi3,تِسِع,romanization 3/3 match. vowelled letters 3/3. short vowels differ in 2/3
13,1,A,هَدِيك,that (f.),hadiik,هَدِيك,romanization 3/3 match. vowelled letters 3/3
18,1,A,وَين,where,ween,وَيْن,romanization 3/3 match. vowelled letters 3/3
36,1,A,إِلَـ,to / for (possession),il-,إِلْ,romanization 3/3 match. vowelled letters 3/3
38,1,A,فَوْق,above / on top,foo',فَوْق,romanization 3/3 match. vowelled letters 3/3
47,1,A,عَشَان,because / in order to,3ashaan,عَشَان,romanization 3/3 match. vowelled letters 3/3
62,1,A,فِي,there is / there are,fii,فِي,romanization 3/3 match. vowelled letters 3/3
80,1,A,فَوْق,up / upstairs,foo',فُوق,romanization 3/3 match. vowelled letters 3/3
83,1,A,وَحْدِة,"one (1, f.)",wa7de,وَحْدِة,romanization 3/3 match. vowelled letters 3/3
88,1,A,خَمْسَة,five (5),khamse,خَمْسِة,romanization 3/3 match. vowelled letters 3/3
132,1,A,يَوْم,day,yoom,يُوم,romanization 3/3 match. vowelled letters 3/3
135,1,A,سَنَة,year,sane,سَنَة,romanization 3/3 match. vowelled letters 3/3. short vowels differ in 2/3
141,1,A,اليَوْم,today,il-yoom,اِلْيُوم,romanization 3/3 match. vowelled letters 3/3. short vowels differ in 2/3
146,1,A,بَعْدِين,later / then / after that,ba3deen,بَعْدَيْن,romanization 3/3 match. vowelled letters 3/3
189,1,A,مِتْأَخِّر,late,mit'akhkher,مِتْأَخِّر,romanization 3/3 match. vowelled letters 3/3
245,1,A,صَبَاح الخَيْر,good morning,Sabaa7 il-kheer,صَبَاح الخِير,romanization 3/3 match. vowelled letters 3/3. short vowels differ in 1/3
252,1,A,مَعَ السَّلَامِة,goodbye (to the one leaving),ma3 is-salaame,مَعْ السَّلَامِة,romanization 3/3 match. vowelled letters 3/3. short vowels differ in 1/3
258,1,A,يَلَّا بَاي,OK bye! (casual),yalla baay,يَلَّا بَاي,romanization 3/3 match. vowelled letters 3/3
322,1,A,تَانِي,other / another / again,taani,تَانِي,romanization 3/3 match. vowelled letters 3/3
507,1,A,أَخَذ,took,akhad,أَخَد,romanization 3/3 match. vowelled letters 3/3
508,1,A,أَعْطَى,gave,a3Ta,أَعْطَى,romanization 3/3 match. vowelled letters 3/3
518,1,A,جَاب,brought,jaab,جَاب,romanization 3/3 match. vowelled letters 3/3
622,1,A,أَكَل,ate,akal,أَكَل,romanization 3/3 match. vowelled letters 3/3
672,1,A,اشْتَرَى,bought,ishtara,اشْتَرَى,romanization 3/3 match. vowelled letters 3/3. short vowels differ in 3/3
758,1,A,لَوَين,where to,laween,لَوَيْن,romanization 3/3 match. vowelled letters 3/3
836,1,A,زَلَمَة,man / guy,zalame,زَلَمِة,romanization 3/3 match. vowelled letters 3/3
982,1,A,كْبِير,big / large / old (person),kbiir,كْبِير,romanization 3/3 match. vowelled letters 3/3
995,1,A,خُبِز,bread,khubiz,خُبِز,romanization 3/3 match. vowelled letters 3/3. short vowels differ in 2/3
1091,1,A,بَيْت,house / home,beet,بَيْت,romanization 3/3 match. vowelled letters 3/3
1199,1,A,بَارِد,cold (food/drink),baarid,بَارِد,romanization 3/3 match. vowelled letters 3/3
1317,1,A,وَين الـ...؟,Where is the...?,ween il-,وِين الـ...؟,romanization 3/3 match. vowelled letters 3/3. short vowels differ in 1/3
1652,1,A,شُغِل,work / job,shughul,شُغُل,romanization 3/3 match. vowelled letters 3/3. short vowels differ in 2/3
1706,1,A,بِقَدِّيش هَاد؟,How much is this?,bi'addeesh haad,بِقَدَّيْش هَاد؟,romanization 3/3 match. vowelled letters 3/3. short vowels differ in 3/3
1898,1,A,مُمْكِن تِعِيد؟,Can you repeat? (to m.),mumkin t3iid,مُمْكِن تْعِيد؟,romanization 3/3 match. vowelled letters 3/3
2174,1,A,وَين,where (dialect),ween,وَيْن,romanization 3/3 match. vowelled letters 3/3
2178,1,A,مِين,who (dialect),miin,مِين,romanization 3/3 match. vowelled letters 3/3
2180,1,A,إِيمْتَى,when (dialect),eemta,إِيمْتَى,romanization 3/3 match. vowelled letters 3/3
3038,1,A,ولاد,children,wlaad,وْلاد,romanization 3/3 match. vowelled letters 3/3. short vowels differ in 3/3
3159,1,A,جاي,coming,jaay,جَاي,romanization 3/3 match. vowelled letters 3/3
1254,2,B,سُوبَرْمَارْكِت,supermarket,suubarmaarkit,سُوبَرْمَارْكِت,"romanization 2/3 match, 1 ee/ii-oo/uu only. vowelled letters 3/3"
910,2,A,بَطْنِي بْتُوجَعْنِي,my stomach hurts,baTni btooja3ni,بَطْنِي بْتُوجَعْنِي,romanization 3/3 match. vowelled letters 3/3. short vowels differ in 1/3
1167,2,A2,بُرْتُقَالِي,orange (color),burtu'aali,بُرْتُقَالِي,romanization 2/3 match. vowelled letters 2/3. short vowels differ in 1/3
1872,2,A2,بِدِّي أَصْرِف دُولَارَات,I want to exchange dollars,biddi aSrif doolaaraat,بِدِّي أَصْرِف دُولَارَات,romanization 2/3 match. vowelled letters 3/3
334,2,A,بِالآخِر,in the end / finally,bil-'aakhir,بِالآخِر,romanization 3/3 match. vowelled letters 3/3
625,2,A2,تْعَشَّى,had dinner,t3ashsha,تْعَشَّى,romanization 2/3 match. vowelled letters 3/3
837,2,A,خْتِيَار,old man,khityaar,خِتْيَار,romanization 3/3 match. vowelled letters 3/3
935,2,B,جَوْعَان,hungry (m.),joo3aan,جَوْعَان,"romanization 2/3 match, 1 ee/ii-oo/uu only. vowelled letters 3/3"
981,2,A,عُمْرِي... سَنَة,I'm ... years old,3umri sane,عُمْرِي ... سَنِة,romanization 3/3 match. vowelled letters 3/3. short vowels differ in 1/3
1356,2,A2,عَمْ بْتِشْتِّي,It's raining,3am btishti,عَم بْتِشْتِي,romanization 2/3 match. vowelled letters 2/3. short vowels differ in 1/3
1358,2,A2,الجَوّ حِلْو,The weather is nice,il-jaww 7ilu,الجَوّ حِلُو,romanization 2/3 match. vowelled letters 2/3. short vowels differ in 2/3
1572,2,A,مُوَظَّف,employee / civil servant,mwaTHTHaf,مْوَظَّف,romanization 3/3 match. vowelled letters 3/3
1692,2,B,فَاتُورَة,receipt / bill / invoice,faatuura,فَاتُورَة,"romanization 2/3 match, 1 ee/ii-oo/uu only. vowelled letters 3/3"
1833,2,A2,شُو بْيِشْتِغِل أَبُوك؟,What does your father do? (to m.),shu byishtighil abuuk,شُو بْيِشْتِغِل أَبُوك؟,romanization 2/3 match. vowelled letters 3/3. short vowels differ in 2/3
1855,2,A,كِيف الأَوْلَاد؟,How are the kids?,keef il-'awlaad,كَيْف الأَوْلَاد,romanization 3/3 match. vowelled letters 3/3. short vowels differ in 1/3
1978,2,A,كُنْت بَرُوح كُلّ يَوْم,I used to go every day,kunt baruu7 kull yoom,كُنْت بَرُوح كُلّ يُوم,romanization 3/3 match. vowelled letters 3/3
2375,2,A2,صْغِير عَلَيّ,Too small for me,Sghiir 3alayy,صْغِير عَلَيّ,romanization 2/3 match. vowelled letters 2/3. short vowels differ in 1/3
2383,2,A,اِنْقَطَعِت الكَهْرَبَا,The electricity went out,in'aT3at il-kahraba,اِنْقَطْعَت الكَهْرَبا,romanization 3/3 match. vowelled letters 3/3. short vowels differ in 3/3
2617,2,A,مِتَأَكِّدَة؟,Are you sure? (to f.),mit'akkde,مِتْأَكّْدِة,romanization 3/3 match. vowelled letters 3/3. short vowels differ in 1/3
2890,2,B,سينِما,cinema,siinama,سِينَمَا,"romanization 2/3 match, 1 ee/ii-oo/uu only. vowelled letters 3/3"
3091,2,A,تَعَوَّد,got used to,t3awwad,تْعَوَّد,romanization 3/3 match. vowelled letters 3/3
3239,2,A2,فيلم,film,filim,فِلِم,romanization 3/3 match. vowelled letters 2/3. short vowels differ in 2/3
14,2,A,هَدُولَاك,those,hadoolaak,هَدُولَاك,romanization 3/3 match. vowelled letters 3/3
134,2,A,شَهِر,month,shahir,شَهِر,romanization 3/3 match. vowelled letters 3/3. short vowels differ in 2/3
147,2,A,قَبْل شْوَيّ,a little while ago,'abl shwayy,قَبْل شْوَيّ,romanization 3/3 match. vowelled letters 3/3. short vowels differ in 2/3
151,2,A,هَالأُسْبُوع,this week,hal-'usbuu3,هَالأُسْبُوع,romanization 3/3 match. vowelled letters 3/3
157,2,A,يَوْم الأَحَد,Sunday,yoom il-'a7ad,يُوم الأَحَد,romanization 3/3 match. vowelled letters 3/3. short vowels differ in 1/3
185,2,A,السَّاعَة وْرُبُع,quarter past,is-saa3a w rubu3,السَّاعَة وْرُبُع,romanization 3/3 match. vowelled letters 3/3. short vowels differ in 3/3
259,2,A,رُوح بِالسَّلَامَة,go safely (to m.),ruu7 bis-salaame,رُوح بِالسَّلَامِة,romanization 3/3 match. vowelled letters 3/3
273,2,A,تَكْرَمِي عَيْنِك,of course / gladly (to f.),tikrami 3eenik,تِكْرَمِي عَيْنِك,romanization 3/3 match. vowelled letters 3/3
312,2,A,نِمْرَة,number,nimra,نِمْرَة,romanization 3/3 match. vowelled letters 3/3
369,2,A,بِالزَّبْط,exactly,biz-zabT,بِالزَّبْط,romanization 3/3 match. vowelled letters 3/3
440,2,A,دِير بَالَك,take care / be careful (to m.),diir baalak,دِير بَالَك,romanization 3/3 match. vowelled letters 3/3
462,2,A,عَ الأَقَلّ,at least,3al-'a'all,عَ الأَقَلّ,romanization 3/3 match. vowelled letters 3/3
499,2,A,بَدُون,without,biduun,بِدُون,romanization 3/3 match. vowelled letters 3/3
531,2,A,مِشِي,walked,mishi,مِشِي,romanization 3/3 match. vowelled letters 3/3
545,2,A,سَاق,drove,saa',سَاق,romanization 3/3 match. vowelled letters 3/3
574,2,A,قَرَأ,read,'ara,قَرَا,romanization 3/3 match. vowelled letters 3/3
589,2,A,قَلَق,worried,'ili',قِلِق,romanization 3/3 match. vowelled letters 3/3
626,2,A,فَطَر,had breakfast,fiTir,فِطِر,romanization 3/3 match. vowelled letters 3/3
648,2,A,شَغَّل,turned on (device/machine),shaghghal,شَغَّل,romanization 3/3 match. vowelled letters 3/3
788,2,A,سَامَحْنِي,forgive me (to m.),saami7ni,سَامِحْنِي,romanization 3/3 match. vowelled letters 3/3
789,2,A,سَامْحِينِي,forgive me (to f.),saam7iini,سَامْحِينِي,romanization 3/3 match. vowelled letters 3/3
805,2,A,سِيدِي,my grandfather,siidi,سِيدِي,romanization 3/3 match. vowelled letters 3/3
860,2,B,إِيد,hand / arm,iid,إِيد,"romanization 2/3 match, 1 ee/ii-oo/uu only. vowelled letters 3/3"
1012,2,A,شَاوَرْمَا,shawarma,shaawarma,شَاوَرْمَا,romanization 3/3 match. vowelled letters 3/3
1023,2,A,كْنَافَة,knafeh (cheese pastry dessert),knaafe,كْنَافِة,romanization 3/3 match. vowelled letters 3/3
1032,2,B,كُوسَا,zucchini,kuusa,كُوسَا,"romanization 2/3 match, 1 ee/ii-oo/uu only. vowelled letters 3/3"
1070,2,A,شُوكَة,fork,shooke,شُوكَة,romanization 3/3 match. vowelled letters 3/3. short vowels differ in 3/3
1095,2,A,صَالُون,living room / salon,Saaloon,صَالُون,romanization 3/3 match. vowelled letters 3/3
1102,2,A,شُبَّاك,window,shubbaak,شُبَّاك,romanization 3/3 match. vowelled letters 3/3
1112,2,A,كَنَبَايَة,couch / sofa,kanabaaye,كَنَبَايِة,romanization 3/3 match. vowelled letters 3/3
1135,2,A,مَنْشَفَة,towel,manshafe,مَنْشَفِة,romanization 3/3 match. vowelled letters 3/3
1166,2,A2,بُنِّي,brown,bunni,بُنِّي,romanization 2/3 match. vowelled letters 3/3. short vowels differ in 1/3
1251,2,A,دُكَّانَة,shop / small store,dukkaane,دُكَّانِة,romanization 3/3 match. vowelled letters 3/3
1316,2,A,كِيف بَرُوح عَ...؟,How do I get to...?,keef baruu7 3a,كِيف بَرُوح عَ...؟,romanization 3/3 match. vowelled letters 3/3
1353,2,A2,كِيف الجَوّ؟,How's the weather?,keef il-jaww,كِيف الجَوّ؟,romanization 3/3 match. vowelled letters 2/3. short vowels differ in 2/3
1376,2,A,زَيْتُونَة,olive tree,zeetuune,زَيْتُونَة,romanization 3/3 match. vowelled letters 3/3. short vowels differ in 3/3
1413,2,A,هَاد اليَوْم حِلْو,It's a nice day today,haad il-yoom 7ilu,هَاد اليُوم حِلُو,romanization 3/3 match. vowelled letters 3/3. short vowels differ in 1/3
1434,2,A,المَدِينَة القَدِيمَة,the Old City (general),il-madiine il-'adiime,المَدِينِة القَدِيمِة,romanization 3/3 match. vowelled letters 3/3. short vowels differ in 1/3
1452,2,A,قِطَاع غَزَّة,the Gaza Strip,qiTaa3 ghazze,قِطَاع غَزِّة,romanization 3/3 match. vowelled letters 3/3. short vowels differ in 1/3
1528,2,A,رْخِيص,cheap / inexpensive,rkhiiS,رْخِيص,romanization 3/3 match. vowelled letters 3/3
1565,2,A,مُعَلِّمَة,teacher (f.),m3allme,مْعَلّْمِة,romanization 3/3 match. vowelled letters 3/3. short vowels differ in 1/3
1656,2,A,وَظِيفَة,job / position,waTHiife,وَظِيفَة,romanization 3/3 match. vowelled letters 3/3. short vowels differ in 2/3
1671,2,A,هُوِيَّة,identity / ID card,hawiyye,هَوِيِّة,romanization 3/3 match. vowelled letters 3/3. short vowels differ in 1/3
1688,2,A,دُولَار,dollar,doolaar,دُولَار,romanization 3/3 match. vowelled letters 3/3
1705,2,A2,عِلْبَة,box / can / package,3ilbe,عِلْبِة,romanization 2/3 match. vowelled letters 3/3. short vowels differ in 1/3
1720,2,A,لَابْتُوب,laptop,laabtoob,لَابْتُوب,romanization 3/3 match. vowelled letters 3/3
1723,2,A2,إِنْتِرْنِت,internet,internet,إِنْتَرْنِت,romanization 2/3 match. vowelled letters 3/3. short vowels differ in 1/3
1785,2,A,مِن هُون لَـ... بِقَدِّيش؟,"From here to..., how much?",min hoon la bi'addeesh,مِن هُون لَ... بِقَدِّيش؟,romanization 3/3 match. vowelled letters 3/3. short vowels differ in 3/3
1807,2,A,البَيْت كْتِير حِلْو,The house is very nice,il-beet ktiir 7ilu,البَيْت كْتِير حِلُو,romanization 3/3 match. vowelled letters 3/3. short vowels differ in 1/3
1811,2,A,وَين بْتِشْتِغِل؟,Where do you work? (to m.),ween btishtighil,وَيْن بْتِشْتِغِل,romanization 3/3 match. vowelled letters 3/3
1812,2,A2,شُو بْتِدْرُس؟,What do you study? (to m.),shu btidrus,شُو بْتِدْرُس؟,romanization 2/3 match. vowelled letters 3/3. short vowels differ in 1/3
1827,2,A,أَوَّل مَرَّة بْتِيجِي؟,Is it your first time coming? (to m.),awwal marra btiiji,أَوَّل مَرَّة بْتِيجِي؟,romanization 3/3 match. vowelled letters 3/3
1850,2,A,مِشْتَاقِينَك,We miss you (to m.),mishtaa'iinak,مِشْتَاقِينَك,romanization 3/3 match. vowelled letters 3/3
1856,2,A,كِيف الأَهِل؟,How's the family?,keef il-'ahil,كِيف الأَهِل؟,romanization 3/3 match. vowelled letters 3/3. short vowels differ in 3/3
1899,2,A,بِتْقْدَر تِيجِي بُكْرَا؟,Can you come tomorrow? (to m.),bti'dar tiiji bukra,بْتِقْدَر تِيجِي بُكْرا؟,romanization 3/3 match. vowelled letters 3/3. short vowels differ in 3/3
1925,2,A,نَفْس الإِشِي,the same thing,nafs il-'ishi,نَفْس الإِشِي,romanization 3/3 match. vowelled letters 3/3. short vowels differ in 1/3
1931,2,A,قَبْل مَا تْرُوح,before you go (to m.),'abl ma truu7,قَبْل مَا تْرُوح,romanization 3/3 match. vowelled letters 3/3. short vowels differ in 2/3
1962,2,A,في إِشِي غَلَط,Something is wrong,fii ishi ghalaT,فِي إِشِي غَلَط,romanization 3/3 match. vowelled letters 3/3
1965,2,A2,رَح يِكُون في حَفْلَة,There will be a party,ra7 yikuun fii 7afle,رَح يِكُون فِي حَفْلِة,romanization 2/3 match. vowelled letters 3/3. short vowels differ in 3/3
2026,2,A,بِالأَوَّل...بَعْدِين...,First... then...,bil-'awwal ba3deen,بِالأَوَّل... بَعْدِين...,romanization 3/3 match. vowelled letters 3/3
2083,2,A,عَلَى رَاسِي مِن فَوْق,Absolutely / with the highest honor,3ala raasi min foo',عَلَى رَاسِي مِن فَوْق,romanization 3/3 match. vowelled letters 3/3
2132,2,A2,بَطَّل,stopped / quit / it's no longer,baTTal,بَطَّل,romanization 2/3 match. vowelled letters 2/3. short vowels differ in 1/3
2261,2,A2,بِالتَّوْفِيق بِالاِمْتِحَان,Good luck on the exam,bit-tawfii' bil-imti7aan,بِالتَّوْفِيق بِالاِمْتِحَان,romanization 2/3 match. vowelled letters 3/3. short vowels differ in 1/3
2405,2,A,بِدِّي أَعَبِّي بَنْزِين,I need to fill up gas,biddi a3abbi banziin,بِدِّي أَعَبِّي بَنْزِين,romanization 3/3 match. vowelled letters 3/3
2424,2,A,مُتَأَكِّد؟,Are you sure? (to m.),mit'akkid,مِتْأَكِّد؟,romanization 3/3 match. vowelled letters 3/3
2425,2,A,مِش مُتَأَكِّد,I'm not sure (m.),mish mit'akkid,مِش مِتْأَكِّد,romanization 3/3 match. vowelled letters 3/3
2427,2,A,بِظُنّ لَأ,I don't think so,baTHunn la',بَظُنّ لَأ,romanization 3/3 match. vowelled letters 3/3
2578,2,A,بِتْقْدَر تْعَلِّمْنِي؟,Can you teach me? (to m.),bti'dar t3allimni,بْتِقْدَر تْعَلِّمْنِي؟,romanization 3/3 match. vowelled letters 3/3
2613,2,A,مَرَّة ثَانْيَة,one more time,marra taanye,مَرَّة تَانْيِة,romanization 3/3 match. vowelled letters 3/3
2614,2,A,مِن الأَوَّل,from the beginning,min il-'awwal,مِن الأَوَّل,romanization 3/3 match. vowelled letters 3/3. short vowels differ in 1/3
2716,2,A,يَلَّا خَلِّينَا نْبَلِّش,Alright let's get started,yalla khalliina nballish,يَلَّا خَلِّينَا نْبَلِّش,romanization 3/3 match. vowelled letters 3/3
2738,2,A,كَبّ,threw away / spilled,kabb,كَبّ,romanization 3/3 match. vowelled letters 3/3
2779,2,A2,بطاطا مقليّة,chips,baTaaTa ma'liyye,بَطاطا مَقْلِيِّة,romanization 2/3 match. vowelled letters 3/3. short vowels differ in 3/3
2855,2,A,الشَهِر الماضي,last month,ish-shahir il-maaDi,الشَّهِر المَاضِي,romanization 3/3 match. vowelled letters 3/3. short vowels differ in 3/3
2976,2,A,مَصر,egypt,maSr,مَصْر,romanization 3/3 match. vowelled letters 3/3. short vowels differ in 3/3
2986,2,A,لُبنان,lebanon,libnaan,لِبْنان,romanization 3/3 match. vowelled letters 3/3. short vowels differ in 3/3
3173,2,A,ليرة,lira (singular),liira,لِيرَة,romanization 3/3 match. vowelled letters 3/3
3237,2,A2,أُغنيّة,song,ughniyye,أُغْنِيِّة,romanization 2/3 match. vowelled letters 2/3. short vowels differ in 2/3
32,2,A,بَيْن,between,been,بَيْن,romanization 3/3 match. vowelled letters 3/3
116,2,A,رُبُع,quarter,rub3,رُبْع,romanization 3/3 match. vowelled letters 3/3. short vowels differ in 1/3
120,2,A,ثَالِث,third,taalit,تَالِت,romanization 3/3 match. vowelled letters 3/3
140,2,A,لَيْل,night,leel,لَيْل,romanization 3/3 match. vowelled letters 3/3
150,2,A,كَم يَوْم,a few days,kam yoom,كَم يُوم,romanization 3/3 match. vowelled letters 3/3
161,2,A,يَوْم الخَمِيس,Thursday,yoom il-khamiis,يَوْم الخَمِيس,romanization 3/3 match. vowelled letters 3/3. short vowels differ in 1/3
162,2,A2,يَوْم الجُمْعَة,Friday,yoom ij-jum3a,يَوْم الجُمْعَة,romanization 3/3 match. vowelled letters 2/3. short vowels differ in 2/3
163,2,A,يَوْم السَّبْت,Saturday,yoom is-sabt,يُوم السَّبْت,romanization 3/3 match. vowelled letters 3/3. short vowels differ in 1/3
206,2,A,مِن زَمَان,a long time ago,min zamaan,مِن زَمَان,romanization 3/3 match. vowelled letters 3/3
215,2,A,عُطْلَة,holiday / vacation / day off,3uTle,عُطْلَة,romanization 3/3 match. vowelled letters 3/3. short vowels differ in 2/3
320,2,A,غَيْر,other / different,gheer,غِير,romanization 3/3 match. vowelled letters 3/3
335,2,A,عَشَان هَيْك,that's why / therefore,3ashaan heek,عَشَان هَيْك,romanization 3/3 match. vowelled letters 3/3
418,2,A,بَدِّي أَحْكِيلَك إِشِي,I want to tell you something (to m.),biddi a7kiilak ishi,بِدِّي أَحْكِيلَك إِشِي,romanization 3/3 match. vowelled letters 3/3
437,2,A,البَيْت بَيْتِك,make yourself at home (to f.),il-beet beetik,اِلْبِيت بِيتِك,romanization 3/3 match. vowelled letters 3/3. short vowels differ in 2/3
443,2,A,عَلَى رَاسِي وْعَيْنِي,with all my heart / absolutely,3ala raasi w 3eeni,عَلَى رَاسِي وْعِينِي,romanization 3/3 match. vowelled letters 3/3
484,2,A,أَلْفَيْن,two thousand (2000),alfeen,أَلْفَيْن,romanization 3/3 match. vowelled letters 3/3
515,2,A,ضَلّ,stayed / remained / kept,Dall,ضَلّ,romanization 3/3 match. vowelled letters 3/3
519,2,A,بَعَت,sent,ba3at,بَعَت,romanization 3/3 match. vowelled letters 3/3
542,2,A,رَكِب,rode / got on (vehicle),rikib,رِكِب,romanization 3/3 match. vowelled letters 3/3
547,2,A,لَحَق,caught up / followed,li7i',لِحِق,romanization 3/3 match. vowelled letters 3/3
549,2,A,سَأَل,asked,sa'al,سَأَل,romanization 3/3 match. vowelled letters 3/3
563,2,A,حَسّ,felt / sensed,7ass,حَسّ,romanization 3/3 match. vowelled letters 3/3
585,2,A,زَعَل,got upset / angry,zi3il,زِعِل,romanization 3/3 match. vowelled letters 3/3
587,2,A,فَرِح,was happy / rejoiced,firi7,فِرِح,romanization 3/3 match. vowelled letters 3/3
617,2,A,غَسَل,washed,ghasal,غَسَل,romanization 3/3 match. vowelled letters 3/3
627,2,A,صَلَّى,prayed,Salla,صَلَّى,romanization 3/3 match. vowelled letters 3/3
670,2,A,مَرِض,got sick,miriD,مِرِض,romanization 3/3 match. vowelled letters 3/3
673,2,A,بَاع,sold,baa3,بَاع,romanization 3/3 match. vowelled letters 3/3
680,2,A,رَمَى,threw,rama,رَمَى,romanization 3/3 match. vowelled letters 3/3
690,2,A,ضَرَب,hit / beat,Darab,ضَرَب,romanization 3/3 match. vowelled letters 3/3
698,2,A,لَعِب,played,li3ib,لِعِب,romanization 3/3 match. vowelled letters 3/3
707,2,A,شَكَر,thanked,shakar,شَكَر,romanization 3/3 match. vowelled letters 3/3
725,2,A,طَلَب,ordered / requested,Talab,طَلَب,romanization 3/3 match. vowelled letters 3/3
773,2,A,عِيد المِيلَاد,Christmas / birthday,3iid il-miilaad,عِيد المِيلَاد,romanization 3/3 match. vowelled letters 3/3. short vowels differ in 1/3
821,2,A,خَطِيب,fiancé,khaTiib,خَطِيب,romanization 3/3 match. vowelled letters 3/3
848,2,A,رَاس,head,raas,رَاس,romanization 3/3 match. vowelled letters 3/3
851,2,A,عَيْن,eye,3een,عَيْن,romanization 3/3 match. vowelled letters 3/3
864,2,A,بَطِن,stomach / belly,baTin,بَطِن,romanization 3/3 match. vowelled letters 3/3. short vowels differ in 1/3
869,2,A,قَلِب,heart,'alib,قَلِب,romanization 3/3 match. vowelled letters 3/3. short vowels differ in 3/3
885,2,A,دُكْتُور,doctor,duktoor,دُكْتُور,romanization 3/3 match. vowelled letters 3/3
937,2,A,طَيِّب,kind / good-hearted,Tayyib,طَيِّب,romanization 3/3 match. vowelled letters 3/3
977,2,A,مِش طَبِيعِي,not normal / weird,mish Tabii3i,مِش طَبِيعِي,romanization 3/3 match. vowelled letters 3/3
1038,2,A,مُوز,banana,mooz,مُوز,romanization 3/3 match. vowelled letters 3/3
1050,2,A,قَهْوَة عَرَبِيَّة,Arabic coffee,'ahwe 3arabiyye,قَهْوِة عَرَبِيِّة,romanization 3/3 match. vowelled letters 3/3
1055,2,A,مِلِح,salt,mili7,مِلِح,romanization 3/3 match. vowelled letters 3/3. short vowels differ in 1/3
1071,2,A,سِكِّينَة,knife,sikkiine,سِكِّينِة,romanization 3/3 match. vowelled letters 3/3. short vowels differ in 1/3
1110,2,A,طَاوْلَة,table,Taawle,طَاوْلِة,romanization 3/3 match. vowelled letters 3/3
1175,2,A,لَوْن,color,loon,لُون,romanization 3/3 match. vowelled letters 3/3
1191,2,A,تْوَالِيت,toilet,twaaleet,تْوَالِيت,romanization 3/3 match. vowelled letters 3/3
1212,2,A,حَيْط,wall (interior),7eeT,حَيْط,romanization 3/3 match. vowelled letters 3/3
1213,2,A,أَرْض,floor / ground,arD,أَرْض,romanization 3/3 match. vowelled letters 3/3
1261,2,A,مَكْتَبَة,bookstore / library,maktabe,مَكْتَبِة,romanization 3/3 match. vowelled letters 3/3
1333,2,A,عَالبَلَد لَو سَمَحْت,To downtown please (to taxi driver),3al-balad law sama7t,عَالبَلَد لَوْ سَمَحْت,romanization 3/3 match. vowelled letters 3/3
1335,2,A,قَدِّيش بْتَاخُد؟,"How much do you charge? (to taxi driver, m.)",'addeesh btaakhud,قَدِّيش بْتَاخُد؟,romanization 3/3 match. vowelled letters 3/3
1337,2,A,شَمِس,sun,shamis,شَمِس,romanization 3/3 match. vowelled letters 3/3. short vowels differ in 3/3
1344,2,A,شِتَا,rain / winter rain,shita,شِتَا,romanization 3/3 match. vowelled letters 3/3
1351,2,A,بَرِد,cold / cold weather,bard,بَرْد,romanization 3/3 match. vowelled letters 3/3
1355,2,A,اليَوْم بَرِد,It's cold today,il-yoom bard,اليَوْم بَرْد,romanization 3/3 match. vowelled letters 3/3. short vowels differ in 1/3
1375,2,A,أَرِض,land / earth,ariD,أَرِض,romanization 3/3 match. vowelled letters 3/3. short vowels differ in 3/3
1378,2,A,كَلِب,dog,kalib,كَلِب,romanization 3/3 match. vowelled letters 3/3. short vowels differ in 3/3
1379,2,A,بِسَّة,cat,bisse,بِسِّة,romanization 3/3 match. vowelled letters 3/3. short vowels differ in 1/3
1414,2,A,الدِّنْيَا بَرَد,It's cold out,id-dinya bard,الدِّنْيَا بَرْد,romanization 3/3 match. vowelled letters 3/3. short vowels differ in 1/3
1506,2,A,سَهِل,easy,sahil,سَهِل,romanization 3/3 match. vowelled letters 3/3. short vowels differ in 3/3
1513,2,A,مَشْغُول,busy,mashghuul,مَشْغُول,romanization 3/3 match. vowelled letters 3/3
1547,2,A,لِحَالُو,by himself / alone,la7aalu,لَحَالُو,romanization 3/3 match. vowelled letters 3/3
1724,2,A,وَاي فَاي,WiFi,waay faay,وَاي فَاي,romanization 3/3 match. vowelled letters 3/3
1782,2,A,قَدِّيش بْتَاخُد عَ...؟,"How much to go to...? (taxi, to m.)",'addeesh btaakhud 3a,قَدَّيْش بْتَاخُد عَ...؟,romanization 3/3 match. vowelled letters 3/3. short vowels differ in 3/3
1803,2,A,خَلِّينِي أَسَاعْدِك,Let me help you (to f.),khalliini asaa3dik,خَلِّينِي أَسَاعْدِك,romanization 3/3 match. vowelled letters 3/3
1817,2,A2,فَاضِي يَوْم الجُمْعَة؟,Are you free on Friday? (to m.),faaDi yoom il-jum3a,فَاضِي يَوْم الجُمْعَة؟,romanization 3/3 match. vowelled letters 2/3. short vowels differ in 2/3
1826,2,A,مِن قَدِّيش سَاكِن هُون؟,How long have you lived here? (to m.),min 'addeesh saakin hoon,مِن قَدَّيْش سَاكِن هُون؟,romanization 3/3 match. vowelled letters 3/3. short vowels differ in 3/3
1896,2,A,مُمْكِن أَقْعَد هُون؟,Can I sit here?,mumkin a'3ud hoon,مُمْكِن أَقْعُد هُون؟,romanization 3/3 match. vowelled letters 3/3. short vowels differ in 1/3
1914,2,A,عَشَان نِلْحَق,so that we make it on time,3ashaan nil7a',عَشَان نِلْحَق,romanization 3/3 match. vowelled letters 3/3
1916,2,A,مِش عَشَان هَيْك,not because of that,mish 3ashaan heek,مِش عَشَان هِيك,romanization 3/3 match. vowelled letters 3/3
1971,2,A,عَمْ بِنْسَتَنَّاك,We're waiting for you (to m.),3am binistannaak,عَم بِنِسْتَنَّاك,romanization 3/3 match. vowelled letters 3/3. short vowels differ in 2/3
2086,2,A,بِالعَرَبِي,to put it plainly (lit: in Arabic),bil-3arabi,بِالعَرَبِي,romanization 3/3 match. vowelled letters 3/3
2313,2,A,دَوَّر,searched / looked for,dawwar,دَوَّر,romanization 3/3 match. vowelled letters 3/3
2377,2,A,عِنْدَك لَوْن ثَانِي؟,Do you have another color? (to m.),3indak loon taani,عِنْدَك لُون تَانِي؟,romanization 3/3 match. vowelled letters 3/3
2580,2,A,وَرْجَى,showed,warja,وَرْجَى,romanization 3/3 match. vowelled letters 3/3
2611,2,A,مُمْكِن تِشْرَحْلِي؟,Can you explain to me? (to m.),mumkin tishra7li,مُمْكِن تِشْرَحْلِي؟,romanization 3/3 match. vowelled letters 3/3
2734,2,A,فَواكي,fruit,fawaaki,فَوَاكِي,romanization 3/3 match. vowelled letters 3/3
2785,2,A,رَئيس,president,ra'iis,رَئِيس,romanization 3/3 match. vowelled letters 3/3
2852,2,A,اليُوم الصُبِح,this morning,il-yoom iS-Subi7,اليُوم الصُّبِح,romanization 3/3 match. vowelled letters 3/3. short vowels differ in 3/3
2956,2,A,جينز,jeans,jiinz,جِينْز,romanization 3/3 match. vowelled letters 3/3
2961,2,A,غُرفة نوم,bed room,ghurfit noom,غُرْفِة نُوم,romanization 3/3 match. vowelled letters 3/3. short vowels differ in 1/3
2972,2,A,أمريكا,america (USA),amriika,أَمْرِيكَا,romanization 3/3 match. vowelled letters 3/3
3042,2,A,اِبِن عمِّة,cousin (father’s sister’s son),ibin 3amme,اِبِن عَمِّة,romanization 3/3 match. vowelled letters 3/3. short vowels differ in 2/3
3044,2,A,اِبِن خالِة,cousin (mother’s sister’s son),ibin khaale,اِبِن خَالِة,romanization 3/3 match. vowelled letters 3/3. short vowels differ in 2/3
3085,2,A,تَضايَق,was annoyed,tDaaya',تْضايَق,romanization 3/3 match. vowelled letters 3/3. short vowels differ in 3/3
3087,2,A,رَضِي,was pleased / satisfied,riDi,رِضِي,romanization 3/3 match. vowelled letters 3/3
3174,2,A,سَلَّم,greeted,sallam,سَلَّم,romanization 3/3 match. vowelled letters 3/3
1797,3,A,قَبْل الأَكِل وَلَّا بَعْدُو؟,Before or after eating?,'abl il-'akil walla ba3du,قَبْل الأَكِل وَلَّا بَعْدُو؟,romanization 3/3 match. vowelled letters 3/3. short vowels differ in 2/3
2386,3,A,بِقَدِّيش الإِيجَار بِالشَّهِر؟,How much is the rent per month?,bi'addeesh il-'iijaar bish-shahr,بِقَدِّيش الإِيجَار بِالشَّهْر؟,romanization 3/3 match. vowelled letters 3/3. short vowels differ in 3/3
2620,3,A2,سْبِيكَر,speaker,sbiikar,سْبِيكَر,romanization 2/3 match. vowelled letters 3/3
2761,3,A,طَعْمَى,fed,Ta3ma,طَعْمَى,romanization 3/3 match. vowelled letters 3/3
2762,3,A2,لَحم خَروف,lamb (meat),la7m kharuuf,لَحْم خَرُوف,romanization 2/3 match. vowelled letters 2/3. short vowels differ in 3/3
354,3,A,طَالَمَا,as long as,Taalama,طَالَمَا,romanization 3/3 match. vowelled letters 3/3
472,3,A,عَ الأَغْلَب,most likely / probably,3al-'aghlab,عَ الأَغْلَب,romanization 3/3 match. vowelled letters 3/3
493,3,B,مِين مَا كَان,whoever,miin ma kaan,مِين مَا كَان,"romanization 2/3 match, 1 ee/ii-oo/uu only. vowelled letters 3/3"
568,3,A,تْوَقَّع,expected,twa''a3,تْوَقَّع,romanization 3/3 match. vowelled letters 3/3
662,3,A2,سَيَّف,saved (file),sayyaf,سَيَّف,romanization 2/3 match. vowelled letters 3/3
928,3,A,مِتْنَرْفِز,nervous / irritated (m.),mitnarfiz,مِتْنَرْفِز,romanization 3/3 match. vowelled letters 3/3
954,3,A2,وَقِح,rude / shameless,wa'i7,وَقِح,romanization 2/3 match. vowelled letters 3/3. short vowels differ in 1/3
1094,3,A2,أُوضَة الأَكِل,dining room,ooDit il-'akil,أُوضِة الأَكِل,romanization 3/3 match. vowelled letters 2/3. short vowels differ in 3/3
1352,3,A2,رُطُوبَة,humidity,ruTuube,رُطُوبِة,romanization 2/3 match. vowelled letters 3/3. short vowels differ in 1/3
1381,3,A,حْصَان,horse,7Saan,حْصَان,romanization 3/3 match. vowelled letters 3/3
1391,3,A,نَامُوسَة,mosquito,naamuuse,نَامُوسِة,romanization 3/3 match. vowelled letters 3/3
1729,3,A2,بَاسْوُورْد,password,baaswoord,بَاسْوُورْد,romanization 2/3 match. vowelled letters 3/3
1735,3,A2,نُوتِفِكَيشِن,notification,nootifikeeshin,نُوتِفِكِيشِن,romanization 3/3 match. vowelled letters 2/3. short vowels differ in 1/3
1804,3,A2,الأَكِل رِيحْتُو زَاكِيَة,The food smells wonderful,il-'akil rii7tu zaakye,الأَكِل رِيحْتُو زَاكْيِة,romanization 2/3 match. vowelled letters 3/3. short vowels differ in 2/3
1838,3,A,في حَرِيقَة,There's a fire,fii 7arii'a,فِي حَرِيقَة,romanization 3/3 match. vowelled letters 3/3
2059,3,A,قَبْل مَا أَنْسَى,before I forget,'abl ma ansa,قَبْل مَا أَنْسَى,romanization 3/3 match. vowelled letters 3/3. short vowels differ in 1/3
2218,3,A,حَظّ,luck,7aTHTH,حَظّ,romanization 3/3 match. vowelled letters 3/3
2278,3,A,الطَّيَّارَة مِتْأَخِّرَة,The plane is delayed,iT-Tayyaara mit'akhkhra,الطَّيَّارَة مِتْأَخِّرَة,romanization 3/3 match. vowelled letters 3/3. short vowels differ in 2/3
2558,3,A,مُعَلِّمَة الصَّفّ,the class teacher (f.),m3allmit iS-Saff,مْعَلّْمِة الصَّفّ,romanization 3/3 match. vowelled letters 3/3. short vowels differ in 2/3
2565,3,A,ضَغَط,pressured,DaghaT,ضَغَط,romanization 3/3 match. vowelled letters 3/3
2644,3,A,مَوْسِم الزَّيْتُون,olive season,moosim iz-zeetuun,مَوْسِم الزَّيْتُون,romanization 3/3 match. vowelled letters 3/3. short vowels differ in 2/3
2985,3,A,سوريا,syria,suurya,سُورْيَا,romanization 3/3 match. vowelled letters 3/3
2993,3,A,كوَيت,kuwait,kweet,كْوَيْت,romanization 3/3 match. vowelled letters 3/3
3005,3,A,إيطاليا,italy,iiTaalya,إِيطالْيا,romanization 3/3 match. vowelled letters 3/3. short vowels differ in 3/3
3041,3,A2,مَرةْ خال,aunt (mother’s brother’s wife),mart khaal,مَرْت خَال,romanization 2/3 match. vowelled letters 3/3. short vowels differ in 1/3
3179,3,A,تَصالَح,made up with,tSaala7,تْصالَح,romanization 3/3 match. vowelled letters 3/3. short vowels differ in 3/3
3199,3,A,فَريق,team,farii',فَرِيق,romanization 3/3 match. vowelled letters 3/3
175,3,B,كَانُون أَوَّل,December,kaanuun awwal,كَانُون أَوَّل,"romanization 2/3 match, 1 ee/ii-oo/uu only. vowelled letters 3/3"
214,3,A,آخِر الأُسْبُوع,weekend,aakhir il-'usbuu3,آخِر الأُسْبُوع,romanization 3/3 match. vowelled letters 3/3. short vowels differ in 1/3
341,3,A,بِالنِّسْبَة لَـ,regarding / as for,bin-nisbe la,بِالنِّسْبِة لَ,romanization 3/3 match. vowelled letters 3/3
650,3,A,صَلَّح,fixed / repaired,Salla7,صَلَّح,romanization 3/3 match. vowelled letters 3/3
660,3,A,ضَاف,added (friend/contact),Daaf,ضَاف,romanization 3/3 match. vowelled letters 3/3
671,3,A,تَحَسَّن,improved / got better,t7assan,تْحَسَّن,romanization 3/3 match. vowelled letters 3/3
697,3,A,تْمَدَّد,stretched out / lay down,tmaddad,تْمَدَّد,romanization 3/3 match. vowelled letters 3/3
715,3,A2,بَكَى,cried,baka,بَكَى,romanization 2/3 match. vowelled letters 2/3. short vowels differ in 1/3
724,3,A,تَسَلَّى,had fun / was entertained,tsalla,تْسَلَّى,romanization 3/3 match. vowelled letters 3/3
754,3,A2,مَعْ إِنُّو... بَسّ,even though... but,ma3 innu bass,مَعْ إِنُّو... بَسّ,romanization 2/3 match. vowelled letters 2/3. short vowels differ in 1/3
822,3,A,خَطِيبَة,fiancée,khaTiibe,خَطِيبِة,romanization 3/3 match. vowelled letters 3/3
986,3,A,مِطَلَّق,divorced (m.),mTalla',مْطَلَّق,romanization 3/3 match. vowelled letters 3/3
1020,3,A,مُتَبَّل,mutabbal (eggplant dip),mtabbal,مْتَبَّل,romanization 3/3 match. vowelled letters 3/3
1022,3,B,فَتُّوش,fattoush (bread salad),fattuush,فَتُّوش,"romanization 2/3 match, 1 ee/ii-oo/uu only. vowelled letters 3/3"
1024,3,A,بَقْلَاوَة,baklava,ba'laawe,بَقْلَاوِة,romanization 3/3 match. vowelled letters 3/3. short vowels differ in 1/3
1118,3,A,لَمْبَة,light bulb / lamp,lambe,لَمْبَة,romanization 3/3 match. vowelled letters 3/3. short vowels differ in 3/3
1122,3,A,نَشَّافَة,dryer,nashshaafe,نَشَّافِة,romanization 3/3 match. vowelled letters 3/3. short vowels differ in 1/3
1144,3,A,شُورْت,shorts,shoort,شُورْت,romanization 3/3 match. vowelled letters 3/3
1146,3,A,بِجَامَة,pajamas,bijaame,بِجَامِة,romanization 3/3 match. vowelled letters 3/3
1150,3,A,طَاقِيَّة,hat / cap,Taa'iyye,طَاقِيِّة,romanization 3/3 match. vowelled letters 3/3
1159,3,A,جَيْبَة,pocket,jeebe,جَيْبِة,romanization 3/3 match. vowelled letters 3/3
1171,3,A,ذَهَبِي,gold / golden,dahabi,دَهَبِي,romanization 3/3 match. vowelled letters 3/3
1207,3,A,عَفِن,rotten / spoiled,3afin,عَفِن,romanization 3/3 match. vowelled letters 3/3
1234,3,A,مْشَغَّل,turned on,mshaghghal,مْشَغَّل,romanization 3/3 match. vowelled letters 3/3
1239,3,B,جَارُور,drawer (variant),jaaruur,جَارُور,"romanization 2/3 match, 1 ee/ii-oo/uu only. vowelled letters 3/3"
1267,3,A,مَقْبَرَة,cemetery,ma'bara,مَقْبَرَة,romanization 3/3 match. vowelled letters 3/3
1271,3,A,البَلْدَة القَدِيمَة,the Old City,il-balde il-'adiime,البَلْدَة القَدِيمَة,romanization 3/3 match. vowelled letters 3/3. short vowels differ in 3/3
1291,3,A2,مُوتُور,motorcycle / motor,mootoor,مُوتُور,romanization 2/3 match. vowelled letters 3/3
1408,3,A,عَاصْفَة,storm,3aaSfe,عَاصْفِة,romanization 3/3 match. vowelled letters 3/3
1443,3,A,حَيْفَا,Haifa,7eefa,حَيْفَا,romanization 3/3 match. vowelled letters 3/3
1630,3,A,عَزَاء,condolences / funeral gathering,3aza,عَزَا,romanization 3/3 match. vowelled letters 3/3
1643,3,A,سَهْرَة,evening gathering / party,sahra,سَهْرَة,romanization 3/3 match. vowelled letters 3/3
1661,3,A,خِبْرَة,experience,khibra,خِبْرَة,romanization 3/3 match. vowelled letters 3/3
1663,3,A,تَقَاعُد,retirement,ta'aa3ud,تَقَاعُد,romanization 3/3 match. vowelled letters 3/3
1694,3,A,عَرِض,offer / sale,3ariD,عَرِض,romanization 3/3 match. vowelled letters 3/3. short vowels differ in 3/3
1721,3,A,تَابْلِت,tablet,taablit,تَابْلِت,romanization 3/3 match. vowelled letters 3/3
1728,3,B,إِيمَيل,email,iimeel,إِيمِيل,"romanization 2/3 match, 1 ee/ii-oo/uu only. vowelled letters 3/3"
1784,3,A,في عَدَّاد؟,Is there a meter?,fii 3addaad,فِي عَدَّاد؟,romanization 3/3 match. vowelled letters 3/3
1823,3,A,مُمْكِن نِأَجِّل؟,Can we postpone?,mumkin ni'ajjil,مُمْكِن نِأَجِّل؟,romanization 3/3 match. vowelled letters 3/3. short vowels differ in 3/3
2021,3,A,تْخَيَّل إِنُّو...,Imagine that... (to m.),tkhayyal innu,تْخَيَّل إِنُّو,romanization 3/3 match. vowelled letters 3/3. short vowels differ in 1/3
2053,3,A,خَلِّينِي أَفَكِّر وْبَرْجَعْلَك,Let me think and I'll get back to you (to m.),khalliini afakkir w barja3lak,خَلِّينِي أَفَكِّر وْبَرْجَعْلَك,romanization 3/3 match. vowelled letters 3/3
2194,3,A,مَوْقِف,stance / position / situation,maw'if,مَوْقِف,romanization 3/3 match. vowelled letters 3/3
2298,3,A2,ثَانَوِيَّة,high school,thaanawiyye,ثَانَوِيِّة,romanization 2/3 match. vowelled letters 2/3. short vowels differ in 1/3
2300,3,A2,حِصَّة رِيَاضَة,gym class / PE,7iSSit riyaaDa,حِصِّةِ رِيَاضَة,romanization 3/3 match. vowelled letters 2/3. short vowels differ in 3/3
2301,3,A,بَاص المَدْرَسَة,school bus,baaS il-madrase,بَاص المَدْرَسِة,romanization 3/3 match. vowelled letters 3/3. short vowels differ in 1/3
2304,3,A,بِدِّي أَسْتَقِيل,I want to resign,biddi asta'iil,بِدِّي أَسْتَقِيل,romanization 3/3 match. vowelled letters 3/3
2324,3,A2,اِتْخَرَّب,got ruined / broke down,itkharrab,اِتْخَرَّب,romanization 2/3 match. vowelled letters 2/3. short vowels differ in 1/3
2356,3,A,مِحْتَاج عَمَلِيَّة,He needs surgery,mi7taaj 3amaliyye,مِحْتَاج عَمَلِيِّة,romanization 3/3 match. vowelled letters 3/3
2372,3,A,جَوْز,walnuts,jooz,جُوز,romanization 3/3 match. vowelled letters 3/3
2409,3,A,أَجَّر,rented out / leased,ajjar,أَجَّر,romanization 3/3 match. vowelled letters 3/3
2418,3,A,دَيْن,debt,deen,دَيْن,romanization 3/3 match. vowelled letters 3/3
2545,3,A,بِدِّي أَجَدِّد العَقِد,I want to renew the lease,biddi ajaddid il-3a'id,بِدِّي أَجَدِّد العَقِد,romanization 3/3 match. vowelled letters 3/3. short vowels differ in 3/3
2632,3,A,مُوجَة حَرّ,heat wave,moojit 7arr,مُوجِة حَرّ,romanization 3/3 match. vowelled letters 3/3
2646,3,A,عَصْر الزَّيْتُون,olive pressing,3aSir iz-zeetuun,عَصِر الزِّيتُون,romanization 3/3 match. vowelled letters 3/3. short vowels differ in 3/3
2751,3,A,فُستُق حَلَبي,pistachio,fustu' 7alabi,فُسْتُق حَلَبِي,romanization 3/3 match. vowelled letters 3/3
2802,3,A,حَرب أهلية,civil war,7arb ahliyye,حَرْب أَهْلِيِّة,romanization 3/3 match. vowelled letters 3/3. short vowels differ in 1/3
2808,3,A,سيّاسي,politician,siyaasi,سِيَاسِي,romanization 3/3 match. vowelled letters 3/3
2883,3,A,وَسط البَلد,downtown,wasaT il-balad,وَسَط البَلَد,romanization 3/3 match. vowelled letters 3/3. short vowels differ in 1/3
2906,3,A2,تَقلِيدِيّ,traditional,ta'liidi,تَقْلِيدِي,romanization 2/3 match. vowelled letters 3/3
2973,3,B,روسيّا,russia,ruusya,رُوسْيَا,"romanization 2/3 match, 1 ee/ii-oo/uu only. vowelled letters 3/3"
3040,3,A,جوز عَمّة,uncle (father’s sister’s husband),jooz 3amme,جُوز عَمِّة,romanization 3/3 match. vowelled letters 3/3
3097,3,A,غَيمة,cloud,gheeme,غَيْمِة,romanization 3/3 match. vowelled letters 3/3
3120,3,A2,كُرة سَلّة,basketball,kurat salle,كُرَة سَلِّة,romanization 2/3 match. vowelled letters 3/3. short vowels differ in 2/3
3169,3,A,غَفِي,dozed off / took a nap,ghifi,غِفِي,romanization 3/3 match. vowelled letters 3/3
173,3,A,تِشْرِين أَوَّل,October,tishriin awwal,تِشْرِين أَوَّل,romanization 3/3 match. vowelled letters 3/3
202,3,A,مِن وَقْت لَوَقْت,from time to time,min wa't la-wa't,مِن وَقْت لَوَقْت,romanization 3/3 match. vowelled letters 3/3
344,3,A,غَيْر هَيْك,besides that / other than that,gheer heek,غَيْر هَيْك,romanization 3/3 match. vowelled letters 3/3
348,3,A,مِن نَاحْيَة,on one hand,min naa7ye,مِن نَاحْيِة,romanization 3/3 match. vowelled letters 3/3
357,3,A,إِلَّا إِذَا,unless,illa iza,إِلَّا إِزَا,romanization 3/3 match. vowelled letters 3/3
460,3,A,عَ الفَاضِي,for nothing / pointlessly,3al-faaDi,عَ الفَاضِي,romanization 3/3 match. vowelled letters 3/3
475,3,A,بِالزُّور,barely / with difficulty,biz-zoor,بِالزُّور,romanization 3/3 match. vowelled letters 3/3
494,3,A,وَين مَا كَان,wherever,ween ma kaan,وَيْن مَا كَان,romanization 3/3 match. vowelled letters 3/3
552,3,A,فَسَّر,explained,fassar,فَسَّر,romanization 3/3 match. vowelled letters 3/3
561,3,A,نَصَح,advised,naSa7,نَصَح,romanization 3/3 match. vowelled letters 3/3
590,3,A,نَدِم,regretted,nidim,نِدِم,romanization 3/3 match. vowelled letters 3/3
610,3,A,اعْتَرَض,objected,i3taraD,اِعْتَرَض,romanization 3/3 match. vowelled letters 3/3
639,3,A,تَبَّل,seasoned / spiced,tabbal,تَبَّل,romanization 3/3 match. vowelled letters 3/3
654,3,A,حَمَّل,downloaded,7ammal,حَمَّل,romanization 3/3 match. vowelled letters 3/3
678,3,A,حَمَل,carried / picked up,7amal,حَمَل,romanization 3/3 match. vowelled letters 3/3
681,3,A,سَحَب,pulled,sa7ab,سَحَب,romanization 3/3 match. vowelled letters 3/3
685,3,A,رَبَط,tied,rabaT,رَبَط,romanization 3/3 match. vowelled letters 3/3
686,3,A,قَصّ,cut (with scissors),'aSS,قَصّ,romanization 3/3 match. vowelled letters 3/3
700,3,A,خِسِر,lost (game/money),khisir,خِسِر,romanization 3/3 match. vowelled letters 3/3
721,3,A,عَطِش,got thirsty,3iTish,عِطِش,romanization 3/3 match. vowelled letters 3/3
742,3,A,تَاه,got lost,taah,تَاه,romanization 3/3 match. vowelled letters 3/3
770,3,A,نُصّ اللَّيْل,midnight,nuSS il-leel,نُصّ اللِّيل,romanization 3/3 match. vowelled letters 3/3. short vowels differ in 1/3
829,3,A,كِنَّة,daughter-in-law,kinne,كِنَّة,romanization 3/3 match. vowelled letters 3/3. short vowels differ in 3/3
867,3,A,رُكْبَة,knee,rukbe,رُكْبِة,romanization 3/3 match. vowelled letters 3/3
899,3,A,عَمَلِيَّة,surgery / operation,3amaliyye,عَمَلِيِّة,romanization 3/3 match. vowelled letters 3/3
903,3,A,دَوْخَة,dizziness,dookha,دُوخَة,romanization 3/3 match. vowelled letters 3/3
926,3,A,مِتْفَاجِئ,surprised (m.),mitfaaji',مِتْفَاجِئ,romanization 3/3 match. vowelled letters 3/3
945,3,A,هَادِي,calm / quiet,haadi,هَادِي,romanization 3/3 match. vowelled letters 3/3
947,3,A,كَرِيم,generous,kariim,كَرِيم,romanization 3/3 match. vowelled letters 3/3
1021,3,A,تَبُّولَة,tabbouleh,tabbuule,تَبُّولِة,romanization 3/3 match. vowelled letters 3/3
1058,3,A,قِرْفَة,cinnamon,'irfe,قِرْفِة,romanization 3/3 match. vowelled letters 3/3
1065,3,A,وَجْبَة,meal,wajbe,وَجْبِة,romanization 3/3 match. vowelled letters 3/3. short vowels differ in 1/3
1072,3,A,صِينِيَّة,tray / baking pan,Siiniyye,صِينِيِّة,romanization 3/3 match. vowelled letters 3/3. short vowels differ in 1/3
1075,3,A,فُرِن,oven,furin,فُرِن,romanization 3/3 match. vowelled letters 3/3. short vowels differ in 3/3
1176,3,A,مُلَوَّن,colorful,mlawwan,مْلَوَّن,romanization 3/3 match. vowelled letters 3/3
1194,3,A,سَلَك,wire / cable,silk,سِلْك,romanization 3/3 match. vowelled letters 3/3
1268,3,A,حَدِيقَة عَامَّة,public park,7adii'a 3aamme,حَدِيقَة عَامِّة,romanization 3/3 match. vowelled letters 3/3
1279,3,A,بَلَدِيَّة,municipality / city hall,baladiyye,بَلَدِيِّة,romanization 3/3 match. vowelled letters 3/3
1281,3,A,مَحْكَمَة,court (legal),ma7kame,مَحْكَمِة,romanization 3/3 match. vowelled letters 3/3
1298,3,A,عَجَل,wheel / tire,3ajal,عَجَل,romanization 3/3 match. vowelled letters 3/3
1341,3,A,غَيْم,clouds,gheem,غِيم,romanization 3/3 match. vowelled letters 3/3
1366,3,A,رَمِل,sand,ramil,رَمِل,romanization 3/3 match. vowelled letters 3/3. short vowels differ in 1/3
1368,3,A,نَهِر,river,nahir,نَهِر,romanization 3/3 match. vowelled letters 3/3. short vowels differ in 1/3
1373,3,A,بِرْكَة,pool / pond,birke,بِرْكِة,romanization 3/3 match. vowelled letters 3/3
1384,3,A,عَنْزَة,goat,3anze,عَنْزِة,romanization 3/3 match. vowelled letters 3/3
1388,3,A,حَمَامَة,pigeon / dove,7amaame,حَمَامِة,romanization 3/3 match. vowelled letters 3/3. short vowels differ in 1/3
1396,3,A,قِرِد,monkey,'irid,قِرِد,romanization 3/3 match. vowelled letters 3/3. short vowels differ in 3/3
1411,3,A,دَرَجَة,degree (temperature),daraje,دَرَجِة,romanization 3/3 match. vowelled letters 3/3
1417,3,A,الشَّمِس قَوِيَّة,The sun is strong,ish-shamis 'awiyye,الشَّمِس قَوِيِّة,romanization 3/3 match. vowelled letters 3/3. short vowels differ in 3/3
1446,3,A,طُولْكَرَم,Tulkarem,Tuulkarem,طُولْكَرِم,romanization 3/3 match. vowelled letters 3/3. short vowels differ in 1/3
1448,3,A,البَحِر المَيِّت,the Dead Sea,il-ba7ir il-mayyit,البَحِر المَيِّت,romanization 3/3 match. vowelled letters 3/3. short vowels differ in 2/3
1485,3,A,يَابِس,dry,yaabis,يَابِس,romanization 3/3 match. vowelled letters 3/3
1530,3,A,بَطِيء,slow,baTii',بَطِيء,romanization 3/3 match. vowelled letters 3/3
1595,3,A,لَوْح,board / whiteboard,loo7,لَوْح,romanization 3/3 match. vowelled letters 3/3
1596,3,A,شَهَادَة,degree / certificate / diploma,shahaade,شَهَادِة,romanization 3/3 match. vowelled letters 3/3
1632,3,A,دَبْكَة,dabke (traditional dance),dabke,دَبْكِة,romanization 3/3 match. vowelled letters 3/3
1636,3,A,عَادَة,custom / habit,3aade,عَادِة,romanization 3/3 match. vowelled letters 3/3
1687,3,A,دِينَار,dinar (currency),diinaar,دِينَار,romanization 3/3 match. vowelled letters 3/3
1693,3,A,خَصِم,discount,khaSim,خَصِم,romanization 3/3 match. vowelled letters 3/3. short vowels differ in 1/3
1731,3,A,بُوسْت,post (social media),boost,بُوسْت,romanization 3/3 match. vowelled letters 3/3
1780,3,A,بِدِّي أَحْجِز طَاوْلَة,I'd like to reserve a table,biddi a7jiz Taawle,بِدِّي أَحْجِز طَاوْلِة,romanization 3/3 match. vowelled letters 3/3
1871,3,A,سِعِر الصَّرِف,exchange rate,si3r iS-Sarf,سِعْر الصَّرْف,romanization 3/3 match. vowelled letters 3/3. short vowels differ in 1/3
2022,3,A,اللِّي فَهِمْتُو إِنُّو...,What I understood is that...,illi fhimtu innu,اللِّي فْهِمْتُو إِنُّو...,romanization 3/3 match. vowelled letters 3/3. short vowels differ in 1/3
2048,3,A,عَلَى حَسَب الوَضِع,depending on the situation,3ala 7asab il-waDi3,عَلَى حَسَب الوَضِع,romanization 3/3 match. vowelled letters 3/3. short vowels differ in 2/3
2109,3,A,هَيْك الدِّنْيَا,That's life / that's how it is,heek id-dinya,هَيْك الدِّنْيَا,romanization 3/3 match. vowelled letters 3/3. short vowels differ in 1/3
2133,3,A,طَنَّش,ignored,Tannash,طَنَّش,romanization 3/3 match. vowelled letters 3/3
2187,3,A,نَتِيجَة,result / consequence,natiije,نَتِيجِة,romanization 3/3 match. vowelled letters 3/3
2209,3,A,خَوْف,fear,khoof,خُوف,romanization 3/3 match. vowelled letters 3/3
2210,3,A,فَرَح,joy / happiness,fara7,فَرَح,romanization 3/3 match. vowelled letters 3/3
2211,3,A,حُزِن,sadness,7uzin,حُزِن,romanization 3/3 match. vowelled letters 3/3. short vowels differ in 3/3
2219,3,A,قِسْمَة,fate / destiny,'isme,قِسْمِة,romanization 3/3 match. vowelled letters 3/3. short vowels differ in 1/3
2222,3,A,مَوْت,death,moot,مَوْت,romanization 3/3 match. vowelled letters 3/3
2226,3,A,كَرَامَة,dignity,karaame,كَرَامِة,romanization 3/3 match. vowelled letters 3/3. short vowels differ in 1/3
2247,3,A,قِيمَة,value / worth,'iime,قِيمِة,romanization 3/3 match. vowelled letters 3/3. short vowels differ in 1/3
2283,3,A,حَجِز,reservation / booking,7ajiz,حَجِز,romanization 3/3 match. vowelled letters 3/3. short vowels differ in 2/3
2326,3,A,اِتْلَغَى,got canceled,itlagha,اِتْلَغَى,romanization 3/3 match. vowelled letters 3/3
2329,3,A,عَلِق,got stuck,3ili',عِلِق,romanization 3/3 match. vowelled letters 3/3
2334,3,A,رَكَّز,focused / concentrated,rakkaz,رَكَّز,romanization 3/3 match. vowelled letters 3/3
2349,3,A,عَيْنِي حَمْرَا,My eye is red,3eeni 7amra,عَيْنِي حَمْرَا,romanization 3/3 match. vowelled letters 3/3
2362,3,A,مُكَسَّرَات,nuts,mkassaraat,مْكَسَّرَات,romanization 3/3 match. vowelled letters 3/3
2365,3,A,مَخْلَل,pickles,mkhallal,مْخَلَّل,romanization 3/3 match. vowelled letters 3/3
2370,3,A,لَوْز,almonds,looz,لَوْز,romanization 3/3 match. vowelled letters 3/3
2376,3,A,هَاد اللَّوْن مِش مَاشِي,This color doesn't work,haad il-loon mish maashi,هَاد اللَّوْن مِش مَاشِي,romanization 3/3 match. vowelled letters 3/3. short vowels differ in 3/3
2389,3,A,مَغْسَلَة,sink (kitchen/bathroom),maghsale,مَغْسَلَة,romanization 3/3 match. vowelled letters 3/3. short vowels differ in 3/3
2404,3,A,السَّيَّارَة خَرْبَانَة,The car is broken down,is-sayyaara kharbaane,السَّيَّارَة خَرْبَانِة,romanization 3/3 match. vowelled letters 3/3. short vowels differ in 1/3
2582,3,A,وَزَّع,distributed,wazza3,وَزَّع,romanization 3/3 match. vowelled letters 3/3
2640,3,A,زَرَع,planted / farmed,zara3,زَرَع,romanization 3/3 match. vowelled letters 3/3
2697,3,A,شَجَّع,encouraged,shajja3,شَجَّع,romanization 3/3 match. vowelled letters 3/3
2706,3,A,عَقَّد,complicated,3a''ad,عَقَّد,romanization 3/3 match. vowelled letters 3/3
2720,3,A,بَلَّغ,reported / notified,ballagh,بَلَّغ,romanization 3/3 match. vowelled letters 3/3
2760,3,A,عَضّ,bit,3aDD,عَضّ,romanization 3/3 match. vowelled letters 3/3
2769,3,A,شَمام,melon,shammaam,شَمّام,romanization 3/3 match. vowelled letters 3/3. short vowels differ in 3/3
2773,3,A,بامية,okra,baamye,بَامْيِة,romanization 3/3 match. vowelled letters 3/3
2787,3,A,سياسة,politics,siyaase,سِيَاسِة,romanization 3/3 match. vowelled letters 3/3. short vowels differ in 1/3
2798,3,A,مُستوطنة,settlement,mustawTane,مُسْتَوْطَنِة,romanization 3/3 match. vowelled letters 3/3
2858,3,A,عَضلة,muscle,3aDale,عَضَلِة,romanization 3/3 match. vowelled letters 3/3
2892,3,A,قَصر,palace,'aSr,قَصْر,romanization 3/3 match. vowelled letters 3/3. short vowels differ in 1/3
2904,3,A,رَقِيق,delicate / gentle,ra'ii',رَقِيق,romanization 3/3 match. vowelled letters 3/3
2954,3,A,خَيط,thread,kheeT,خَيْط,romanization 3/3 match. vowelled letters 3/3
2966,3,A,خَيمة,tent,kheeme,خَيْمِة,romanization 3/3 match. vowelled letters 3/3
3099,3,A,وَرق شَجر,leaves,wara' shajar,وَرَق شَجَر,romanization 3/3 match. vowelled letters 3/3
3149,3,A,أخلاق,ethics / morals,akhlaa',أَخْلاق,romanization 3/3 match. vowelled letters 3/3. short vowels differ in 3/3
3157,3,A,غَلَّى,raised the price,ghalla,غَلَّى,romanization 3/3 match. vowelled letters 3/3
3231,3,A,فِرقة,band,fir'a,فِرْقَة,romanization 3/3 match. vowelled letters 3/3
716,4,A2,تْنَهَّد,sighed,tnahhad,تْنَهَّد,romanization 2/3 match. vowelled letters 2/3. short vowels differ in 1/3
2638,4,A,شُرُوق,sunrise,shuruu',شُرُوق,romanization 3/3 match. vowelled letters 3/3
3015,4,B,الصومال,somalia,iS-Suumaal,الصُّومَال,"romanization 2/3 match, 1 ee/ii-oo/uu only. vowelled letters 3/3. short vowels differ in 1/3"
1456,4,A,حَقّ العَوْدَة,the right of return,7a'' il-3awde,حَقّ العَوْدِة,romanization 3/3 match. vowelled letters 3/3. short vowels differ in 2/3
1626,4,A2,زَكَاة,alms / zakat,zakaa,زَكَاة,romanization 2/3 match. vowelled letters 3/3
1679,4,A2,وُضُوء,ablution (before prayer),wuDuu',وُضُوء,romanization 2/3 match. vowelled letters 2/3. short vowels differ in 1/3
1730,4,B,يُوزَر,username,yuuzar,يُوزَر,"romanization 2/3 match, 1 ee/ii-oo/uu only. vowelled letters 3/3"
2067,4,A2,عَلَى قَدّ لِحَافَك مِدّ إِجْرَيْك,Stretch your legs according to your blanket,3ala 'add li7aafak midd ijreek,عَلَى قَدّ لِحَافَك مِدّ إِجْرَيْك,romanization 2/3 match. vowelled letters 3/3. short vowels differ in 1/3
2485,4,B,العَيْن بَصِيرَة وَالإِيد قَصِيرَة,The eye sees but the hand can't reach,il-3een baSiira wil-'iid 'aSiira,العَيْن بَصِيرَة وِالإِيد قَصِيرَة,"romanization 2/3 match, 1 ee/ii-oo/uu only. vowelled letters 3/3. short vowels differ in 1/3"
2633,4,A2,مُوجَة بَرِد,cold wave,moojit barid,مُوجِة بَرِد,romanization 3/3 match. vowelled letters 2/3. short vowels differ in 3/3
3021,4,B,اليونان,greece,il-yuunaan,اليُونَان,"romanization 2/3 match, 1 ee/ii-oo/uu only. vowelled letters 3/3. short vowels differ in 1/3"
345,4,A,بِالإِضَافَة,in addition,bil-'iDaafe,بِالإِضَافِة,romanization 3/3 match. vowelled letters 3/3. short vowels differ in 1/3
1179,4,A,مُنَقَّط,polka-dotted / spotted,mna''aT,مْنَقَّط,romanization 3/3 match. vowelled letters 3/3
1371,4,A,سَهِل,plain / flat land,sahil,سَهِل,romanization 3/3 match. vowelled letters 3/3. short vowels differ in 1/3
1420,4,A,بَيْطَرِي,veterinarian,beeTari,بَيْطَرِي,romanization 3/3 match. vowelled letters 3/3
1424,4,A,قَطِيع,flock / herd,'aTii3,قَطِيع,romanization 3/3 match. vowelled letters 3/3
1449,4,A,نَهِر الأُرْدُنّ,the Jordan River,nahir il-'urdun,نَهِر الأُرْدُن,romanization 3/3 match. vowelled letters 3/3. short vowels differ in 3/3
1645,4,A2,مُنَاسَبَة دِينِيَّة,religious occasion,munaasabe diiniyye,مُنَاسَبِة دِينِيِّة,romanization 2/3 match. vowelled letters 3/3. short vowels differ in 1/3
1647,4,A,دِيوَان,guest reception room,diiwaan,دِيوَان,romanization 3/3 match. vowelled letters 3/3
1648,4,A,حَكْوَاتِي,storyteller,7akawaati,حَكَوَاتِي,romanization 3/3 match. vowelled letters 3/3
1680,4,A,تِلَاوَة,Quran recitation,tilaawe,تِلَاوِة,romanization 3/3 match. vowelled letters 3/3
2398,4,A,شَاكُوش,hammer,shaakuush,شَاكُوش,romanization 3/3 match. vowelled letters 3/3
2448,4,A2,تَقْدِير,appreciation / estimation,ta'diir,تَقْدِير,romanization 2/3 match. vowelled letters 3/3
2494,4,A,حَرَق الأَخْضَر وَالْيَابِس,destroyed everything (lit: burned green and dry),7ara' il-'akhDar wil-yaabis,حَرَق الأَخْضَر وِاليَابِس,romanization 3/3 match. vowelled letters 3/3. short vowels differ in 2/3
2621,4,B,بْلُوتُوث,Bluetooth,bluutuuth,بْلُوتُوث,"romanization 2/3 match, 1 ee/ii-oo/uu only. vowelled letters 3/3"
2695,4,A,اِنْتَقَد,criticized,inta'ad,اِنْتَقَد,romanization 3/3 match. vowelled letters 3/3
2774,4,A,بُندُق,hazelnut,bundu',بُنْدُق,romanization 3/3 match. vowelled letters 3/3
2818,4,A2,دِكتاتور,dictator,diktaatoor,دِكْتَاتُور,romanization 2/3 match. vowelled letters 2/3. short vowels differ in 1/3
2836,4,A,راسمالية,capitalism,raasmaaliyye,رَاسْمَالِيِّة,romanization 3/3 match. vowelled letters 3/3. short vowels differ in 1/3
2891,4,A2,كنيس,synagogue,kniis,كْنِيس,romanization 2/3 match. vowelled letters 3/3. short vowels differ in 1/3
2901,4,A,قَلعة,citadel,'al3a,قَلْعَة,romanization 3/3 match. vowelled letters 3/3
2902,4,A,تَلَوُّث,pollution,talawwuth,تَلَوُّث,romanization 3/3 match. vowelled letters 3/3
2924,4,A,محلل,analyst,m7allil,مْحَلِّل,romanization 3/3 match. vowelled letters 3/3
2932,4,A,تَطَوَّع,volunteered,tTawwa3,تْطَوَّع,romanization 3/3 match. vowelled letters 3/3
2936,4,A,فِراشة,butterfly,faraashe,فَرَاشِة,romanization 3/3 match. vowelled letters 3/3. short vowels differ in 1/3
2941,4,A,غراب,crow,ghraab,غْرَاب,romanization 3/3 match. vowelled letters 3/3
2978,4,A2,الجزائر,algeria,il-jazaa'ir,الجَزائِر,romanization 2/3 match. vowelled letters 2/3. short vowels differ in 3/3
2990,4,A,المَكسيك,mexico,il-maksiik,المَكْسِيك,romanization 3/3 match. vowelled letters 3/3. short vowels differ in 1/3
2998,4,A,بَحرَين,bahrain,ba7reen,بَحْرِين,romanization 3/3 match. vowelled letters 3/3
203,4,A,نَادِرًا,rarely,naadiran,نَادِرًا,romanization 3/3 match. vowelled letters 3/3. short vowels differ in 1/3
637,4,A,عَجَن,kneaded,3ajan,عَجَن,romanization 3/3 match. vowelled letters 3/3. short vowels differ in 1/3
880,4,A,رِمِش,eyelash,rimish,رِمِش,romanization 3/3 match. vowelled letters 3/3. short vowels differ in 2/3
956,4,A,جَرِيء,bold / brave,jarii',جَرِيء,romanization 3/3 match. vowelled letters 3/3
1238,4,A,مَسْحُوق,powder / detergent powder,mas7uu',مَسْحُوق,romanization 3/3 match. vowelled letters 3/3
1403,4,A,مَحْمِيَّة,nature reserve,ma7miyye,مَحْمِيِّة,romanization 3/3 match. vowelled letters 3/3. short vowels differ in 1/3
1670,4,A,تُرَاث,heritage,turaath,تُرَاث,romanization 3/3 match. vowelled letters 3/3
2075,4,A,عَيْنُو وَاسْعَة,He's greedy (lit: his eye is wide),3eenu waas3a,عَيْنُو وَاسْعَة,romanization 3/3 match. vowelled letters 3/3
2103,4,A,خُبْز وْمِلِح,bread and salt (= shared bond/loyalty),khubiz w mili7,خُبِز وْمِلِح,romanization 3/3 match. vowelled letters 3/3. short vowels differ in 2/3
2121,4,A,مْخِرِّف,talking nonsense / senile,mkharrif,مْخَرِّف,romanization 3/3 match. vowelled letters 3/3
2124,4,A,أُسْطُورِي,legendary,usTuuri,أُسْطُورِي,romanization 3/3 match. vowelled letters 3/3
2150,4,A,مِن تَحْت لَتَحْت,sneakily / under the table,min ta7t lata7t,مِن تَحْت لَتَحْت,romanization 3/3 match. vowelled letters 3/3. short vowels differ in 1/3
2205,4,A,عَدَالَة,justice,3adaale,عَدَالِة,romanization 3/3 match. vowelled letters 3/3. short vowels differ in 1/3
2288,4,A,إِلْغَاء,cancellation,ilghaa',إِلْغَاء,romanization 3/3 match. vowelled letters 3/3
2335,4,A,نَسَّق,coordinated / organized,nassa',نَسَّق,romanization 3/3 match. vowelled letters 3/3
2382,4,A,شَمِس وْمَطَر,Sun and rain (at the same time),shamis w maTar,شَمِس وْمَطَر,romanization 3/3 match. vowelled letters 3/3. short vowels differ in 3/3
2420,4,A,مِيزَانِيَّة,budget,miizaaniyye,مِيزَانِيِّة,romanization 3/3 match. vowelled letters 3/3
2462,4,A,مَسْأَلَة وَقْت,a matter of time,mas'alit wa't,مَسْأَلِة وَقْت,romanization 3/3 match. vowelled letters 3/3
2568,4,A,اِسْتَقَال,resigned,ista'aal,اِسْتَقَال,romanization 3/3 match. vowelled letters 3/3
2623,4,A,كَابِل,cable,kaabil,كَابِل,romanization 3/3 match. vowelled letters 3/3
2626,4,A,اِسْتَغَلّ,took advantage of / exploited,istaghall,اِسْتَغَلّ,romanization 3/3 match. vowelled letters 3/3
2658,4,A,جِبِس,cast / plaster,jibis,جِبِس,romanization 3/3 match. vowelled letters 3/3. short vowels differ in 3/3
2686,4,A,فَضْفَض,vented / let it out,faDfaD,فَضْفَض,romanization 3/3 match. vowelled letters 3/3
2696,4,A,مَدَح,praised / complimented,mada7,مَدَح,romanization 3/3 match. vowelled letters 3/3
2796,4,A,حِضارة,civilization,7aDaara,حَضارة,romanization 3/3 match. vowelled letters 3/3. short vowels differ in 3/3
2822,4,A,حَكَم,governed / ruled over,7akam,حَكَم,romanization 3/3 match. vowelled letters 3/3
2830,4,A,ضَم أراضي,annexation of territory,Damm araaDi,ضَمّ أَرَاضِي,romanization 3/3 match. vowelled letters 3/3
2837,4,A,شُيوعيّة,communism,shuyuu3iyye,شُيُوعِيِّة,romanization 3/3 match. vowelled letters 3/3
2909,4,A,فَوضَوي,chaotic,fawDawi,فَوْضَوِي,romanization 3/3 match. vowelled letters 3/3
2917,4,A,فَاخِر,luxurious,faakhir,فَاخِر,romanization 3/3 match. vowelled letters 3/3
2939,4,A,نِمر,tiger,nimir,نِمِر,romanization 3/3 match. vowelled letters 3/3
2983,4,A,بِلاد الشام,the Levant,bilaad ish-shaam,بِلاد الشّام,romanization 3/3 match. vowelled letters 3/3. short vowels differ in 3/3
3052,4,A,تَبَنّي,adoption,tabanni,تَبَنِّي,romanization 3/3 match. vowelled letters 3/3
3082,4,A,شَهم,noble,shahim,شَهِم,romanization 3/3 match. vowelled letters 3/3. short vowels differ in 1/3
3124,4,A,نافَس,competed against,naafas,نافَس,romanization 3/3 match. vowelled letters 3/3. short vowels differ in 3/3
3125,4,A,غوص,diving,ghooS,غُوص,romanization 3/3 match. vowelled letters 3/3
3128,4,A,زَيتي,olive green,zeeti,زَيْتِي,romanization 3/3 match. vowelled letters 3/3
3204,4,A,بَصمة,fingerprint,baSme,بَصْمِة,romanization 3/3 match. vowelled letters 3/3
3213,4,A,وِلاية,state,wilaaye,وِلَايِة,romanization 3/3 match. vowelled letters 3/3
