id,arabic,english,pos
135,سنة,year,noun
2219,قسمة,fate / destiny,noun
470,الحمد لله,thankfully / praise God,formula
1353,كيف الجو؟,How's the weather?,formula
588,تفاجأ,was surprised,verb
1133,كيس,bag / plastic bag,noun
2334,ركز,focused / concentrated,verb
230,السلام عليكم,peace be upon you (hello),formula
2796,حضارة,civilization,noun
844,رفيق,companion / close friend (m.),noun
2021,تخيل إنو...,Imagine that... (to m.),frame
1412,الجو شوب,It's muggy / humid,formula
2030,يا ريت بقدر,I wish I could,formula
2690,بلش يحكي وما وقف,He started talking and didn't stop,frame
995,خبز,bread,noun
2022,اللي فهمتو إنو...,What I understood is that...,frame
218,عندي موعد,I have an appointment,frame
2382,شمس ومطر,Sun and rain (at the same time),noun
3014,إندونيسيا,indonesia,noun
2909,فوضوي,chaotic,adjective
213,وقت الفطور,breakfast time,noun
1892,المفروض كان يخلص,He was supposed to finish,frame
1077,ثلاجة,refrigerator,noun
2188,تأثير,effect / influence,noun
1368,نهر,river,noun
1916,مش عشان هيك,not because of that,formula
2874,مفطر,has eaten breakfast,adjective
958,كذاب,liar,adjective
648,شغل,turned on (device/machine),verb
1931,قبل ما تروح,before you go (to m.),frame
669,وجع,hurt / ached,verb
2734,فواكي,fruit,noun
2462,مسألة وقت,a matter of time,formula
150,كم يوم,a few days,adverb
3024,الكيان الصهيوني,the Zionist entity,noun
258,يلا باي,OK bye! (casual),formula
698,لعب,played,verb
2957,ملابس داخلية,underwear,noun
1645,مناسبة دينية,religious occasion,noun
2380,الجو بيصحي,The weather is clearing up,formula
817,زوج,husband,noun
2769,شمام,melon,noun
758,لوين,where to,adverb
625,تعشى,had dinner,verb
3080,خبيث,malicious,adjective
2593,بكر الموعد,moved the appointment earlier,verb
788,سامحني,forgive me (to m.),formula
2901,قلعة,citadel,noun
1289,شاحنة,truck,noun
2397,براغي,screw,noun
478,درزن,dozen,noun
3227,فقرة,paragraph,noun
1388,حمامة,pigeon / dove,noun
2656,موعد عند الدكتور,doctor's appointment,noun
390,ما إلو داعي,unnecessary / pointless,formula
2342,ظهر,appeared / showed up,verb
3223,طائفة,rel. branch,noun
125,ثامن,eighth,adjective
1207,عفن,rotten / spoiled,adjective
2716,يلا خلينا نبلش,Alright let's get started,formula
3009,الأرجنتينا,argentina,noun
162,يوم الجمعة,Friday,noun
3017,موريتانيا,mauritania,noun
3005,إيطاليا,italy,noun
1550,بالعافية,with difficulty / barely,adverb
1213,أرض,floor / ground,noun
935,جوعان,hungry (m.),adjective
3151,منطق,logic,noun
1652,شغل,work / job,noun
977,مش طبيعي,not normal / weird,adjective
1406,زلزلة,earthquake,noun
1762,حكيتلو ع التلفون,I talked to him on the phone,frame
3120,كرة سلة,basketball,noun
2787,سياسة,politics,noun
1219,أسانسير,elevator,noun
874,كبد,liver,noun
2301,باص المدرسة,school bus,noun
633,سخن,heated up / warmed,verb
2817,ديمقراطية,democracy,noun
639,تبل,seasoned / spiced,verb
1896,ممكن أقعد هون؟,Can I sit here?,frame
2685,بدي أفضفضلك,I want to vent to you (to m.),frame
1643,سهرة,evening gathering / party,noun
997,لحمة,meat,noun
662,سيف,saved (file),verb
861,صباع,finger,noun
283,الله يعافيك,"God bless you (reply, to m.)",formula
2781,قانون,law,noun
1530,بطيء,slow,adjective
585,زعل,got upset / angry,verb
2049,بغض النظر عن,regardless of,preposition
1040,ليمون,lemon,noun
1337,شمس,sun,noun
1449,نهر الأردن,the Jordan River,noun
2907,عظيم,great,adjective
2967,فرندة,veranda,noun
166,آذار,March,noun
156,السنة اللي فاتت,last year,adverb
472,ع الأغلب,most likely / probably,adverb
2507,كبر راسو,he became arrogant,formula
2137,تقمص,got annoyed / got irritated,verb
2526,قال بالقاف,said (with full qaf — Hebron),verb
1126,تلفزيون,television,noun
3122,يوغا,yoga,noun
80,فوق,up / upstairs,adverb
1242,فوطة,towel (small) / napkin,noun
700,خسر,lost (game/money),verb
2406,وين أقرب كراج؟,Where's the nearest garage/mechanic?,frame
1357,عم بتثلج,It's snowing,formula
2274,ما بسمعك منيح,I can't hear you well (to m.),formula
2831,إعتقال إداري,administrative detention,noun
1647,ديوان,guest reception room,noun
2545,بدي أجدد العقد,I want to renew the lease,frame
3207,أمر,issue,noun
547,لحق,caught up / followed,verb
190,ع الوقت,on time,adverb
1451,الضفة الغربية,the West Bank,noun
2597,شكلو رح يمطر,Looks like it's going to rain,frame
2761,طعمى,fed,verb
369,بالزبط,exactly,adverb
215,عطلة,holiday / vacation / day off,noun
11,هدول,these,pronoun
3058,على اليمين,on the right,adverb
947,كريم,generous,adjective
2425,مش متأكد,I'm not sure (m.),formula
2720,بلغ,reported / notified,verb
245,صباح الخير,good morning,formula
2400,زردية,pliers,noun
3186,محاولة,attempt,noun
622,أكل,ate,verb
141,اليوم,today,adverb
1778,بدي طاولة لاثنين,I want a table for two,frame
1291,موتور,motorcycle / motor,noun
1838,في حريقة,There's a fire,frame
2924,محلل,analyst,noun
88,خمسة,five (5),noun
2930,دعم,supported / invested in,verb
120,ثالث,third,adjective
2423,فاتورة التلفون,phone bill,noun
1995,ما رحتش,I didn't go (emphatic),frame
2565,ضغط,pressured,verb
645,غسل,did laundry,verb
2036,بتذكر لما...؟,Do you remember when...? (to m.),frame
1993,شو هالأكل الطيب,What delicious food this is,formula
1853,يعطيكي العافية,God give you strength (to f.),formula
2530,ولا,or (Galilean variant),conjunction
1434,المدينة القديمة,the Old City (general),noun
2199,ذكرى,memory,noun
2377,عندك لون ثاني؟,Do you have another color? (to m.),formula
1719,كمبيوتر,computer,noun
2696,مدح,praised / complimented,verb
2775,كاشو,cashew,noun
1154,كفية,keffiyeh (Palestinian scarf),noun
2262,مبروك البيت الجديد,Congratulations on the new house,formula
2740,بحارات,spices,noun
3097,غيمة,cloud,noun
2591,غير الموعد,changed the appointment,frame
1356,عم بتشتي,It's raining,formula
1752,الإنترنت مش ماشي,The internet isn't working,frame
2582,وزع,distributed,verb
2754,بوزة,ice Cream,noun
1565,معلمة,teacher (f.),noun
2638,شروق,sunrise,noun
2373,هاد القميص بيجي علي؟,Does this shirt fit me?,formula
1962,في إشي غلط,Something is wrong,formula
1243,شارع,street / road,noun
1026,فواكه,fruits,noun
2658,جبس,cast / plaster,noun
2631,طقس,weather (formal),noun
1485,يابس,dry,adjective
77,هناك,there,adverb
1772,صحتين وعافية,Bon appétit (extended form),formula
2351,ضهري بيوجعني,My back hurts,frame
559,اعتذر,apologized,verb
637,عجن,kneaded,verb
1696,بطاقة,card (credit/debit/ID),noun
1872,بدي أصرف دولارات,I want to exchange dollars,frame
1494,مربع,square (shape),adjective
521,قدر,was able to / could,verb
2980,بريطانيا,britain,noun
1971,عم بنستناك,We're waiting for you (to m.),formula
2205,عدالة,justice,noun
627,صلى,prayed,verb
1316,كيف بروح ع...؟,How do I get to...?,frame
437,البيت بيتك,make yourself at home (to f.),formula
2384,انقطعت المي,The water got cut off,formula
1899,بتقدر تيجي بكرا؟,Can you come tomorrow? (to m.),frame
2724,أنا من فلسطين,I'm from Palestine,frame
322,تاني,other / another / again,adjective
1339,نجمة,star,noun
2574,بدو يبلش,It's about to start,formula
84,اثنين,two (2),noun
880,رمش,eyelash,noun
665,درس,studied,verb
1436,القدس,Jerusalem,noun
744,تحرك,moved (intransitive) / got going,verb
2590,لغى الموعد,canceled the appointment,verb
2928,مدرس,school teacher,noun
2863,مفصل,joint,noun
2829,حكم ذاتي,autonomy,noun
1155,ثوب,traditional Palestinian dress,noun
885,دكتور,doctor,noun
2601,طلعت أحسن مما توقعت,It turned out better than I expected,frame
1166,بني,brown,adjective
2651,عربون,deposit / down payment,noun
136,صبح,morning,noun
969,ظريف,funny / witty / charming,adjective
567,ظن,assumed / thought,verb
742,تاه,got lost,verb
1997,ما بعرفش,I don't know (emphatic),formula
1879,شو بدك؟,What do you want? (to m.),frame
1418,بدو يمطر,It's going to rain,frame
3235,قصيدة,poem,noun
160,يوم الأربعا,Wednesday,noun
1211,سور,fence / wall (exterior),noun
2329,علق,got stuck,verb
864,بطن,stomach / belly,noun
2260,مبروك التخرج,Congratulations on graduating,formula
1138,بلوزة,blouse / top,noun
2247,قيمة,value / worth,noun
1379,بسة,cat,noun
1024,بقلاوة,baklava,noun
147,قبل شوي,a little while ago,adverb
2194,موقف,stance / position / situation,noun
1140,كنزة,sweater,noun
1061,طحينة,tahini,noun
1745,شيكي الواتساب,Check your WhatsApp (to f.),formula
761,ميتين وخمسين,two hundred and fifty (250),noun
1592,كتاب,book,noun
1335,قديش بتاخد؟,"How much do you charge? (to taxi driver, m.)",formula
1687,دينار,dinar (currency),noun
583,تحمس,got excited,verb
62,في,there is / there are,particle
2962,غرفة قعدة,sitting room,noun
792,حياك الله,God greet you / welcome (to m.),formula
2611,ممكن تشرحلي؟,Can you explain to me? (to m.),formula
2028,طلعت القصة إنو,The story turned out to be that,frame
2143,نزل ع أعصابي,got on my nerves (lit: went down on my nerves),frame
418,بدي أحكيلك إشي,I want to tell you something (to m.),formula
111,مية,one hundred (100),noun
2103,خبز وملح,bread and salt (= shared bond/loyalty),noun
2625,تعجب,was amazed / wondered,verb
930,محرج,embarrassed (m.),adjective
2964,برداية,curtains,noun
2288,إلغاء,cancellation,noun
2539,ممكن أستعير منك...؟,Can I borrow... from you? (to m.),frame
2001,ما حدا بيعرف,Nobody knows,formula
2558,معلمة الصف,the class teacher (f.),noun
2728,عاشت فلسطين,Long live Palestine,formula
175,كانون أول,December,noun
2602,ما توقعت إنو هيك,I didn't expect it to be like this,frame
2239,مستقبل,future,noun
3196,مشاركة,participation,noun
1321,ع الزاوية,on the corner,adverb
816,بنت خال,maternal cousin (f.),noun
2454,عقل,mind / reason,noun
3094,وحيد,lonely,adjective
852,أذن,ear,noun
311,يعطيك ألف عافية,God give you a thousand strengths,formula
3141,مستورد,importer,noun
834,شب,young man,noun
670,مرض,got sick,verb
1774,بدي قهوة سادة,I want plain coffee,formula
1249,ساحة,square / plaza,noun
2837,شيوعية,communism,noun
3038,ولاد,children,noun
909,راسي بوجعني,my head hurts,frame
2435,ما تقطع عنا,Don't be a stranger (to m.),formula
2346,كف,slapped,verb
2229,كذبة,lie,noun
3119,تنس,tennis,noun
903,دوخة,dizziness,noun
1739,برينتر,printer,noun
3172,جنيه,pound (currency),noun
2198,تجربة,experience,noun
444,تعيشي وتاكلي غيرو,may you live and eat more (to f. host),formula
1867,منيو,menu,noun
2917,فاخر,luxurious,adjective
1116,سجادة,rug / carpet,noun
1268,حديقة عامة,public park,noun
2210,فرح,joy / happiness,noun
1358,الجو حلو,The weather is nice,formula
826,حماة,mother-in-law,noun
117,ثلث,third (fraction),noun
1961,ما في حدا,There's nobody,formula
1304,ركوب,riding / getting on,noun
1678,قبلة,direction of prayer (Mecca),noun
904,غثيان,nausea,noun
1279,بلدية,municipality / city hall,noun
2751,فستق حلبي,pistachio,noun
690,ضرب,hit / beat,verb
1827,أول مرة بتيجي؟,Is it your first time coming? (to m.),formula
2066,اللي بيطلع من الدار بيقل مقدارو,The one who leaves home loses his worth,formula
2420,ميزانية,budget,noun
1376,زيتونة,olive tree,noun
43,بدال,instead of,preposition
1021,تبولة,tabbouleh,noun
1660,مقابلة,interview,noun
2505,فضى الموضوع,dropped the subject / moved on,verb
2867,أستاذة,miss,noun
2458,تجربة حياتية,life experience,noun
273,تكرمي عينك,of course / gladly (to f.),formula
1866,لا حول ولا قوة إلا بالله,There is no power except God's,formula
2572,ما بتلاقي شغل,You can't find work (to f.),frame
256,بشوفك,see you (to f.),formula
2324,اتخرب,got ruined / broke down,verb
2516,الله ينور دربك,God light your path (to m.),formula
2568,استقال,resigned,verb
2626,استغل,took advantage of / exploited,verb
2407,العجل فقع,The tire is flat,formula
2768,نبيذ,wine,noun
2148,مش فايتتلي,I can't handle it / it doesn't fit in my head,formula
2038,على ما أظن,as far as I think / I believe,adverb
515,ضل,stayed / remained / kept,verb
3065,متهور,reckless / Careless,adjective
1373,بركة,pool / pond,noun
1420,بيطري,veterinarian,noun
736,همس,whispered,verb
2644,موسم الزيتون,olive season,noun
1303,حادث,accident,noun
2852,اليوم الصبح,this morning,adverb
2496,دخل بالعميق,got into deep detail,formula
2353,عندي سخونية,I have a fever,frame
1850,مشتاقينك,We miss you (to m.),formula
3029,عمية,colloquial arabic,noun
2819,إتفاق,agreement,noun
1839,في حادث,There's been an accident,formula
2883,وسط البلد,downtown,noun
531,مشي,walked,verb
2485,العين بصيرة والإيد قصيرة,The eye sees but the hand can't reach,formula
1616,صلاة,prayer,noun
3007,هلاندا,the Netherlands,noun
563,حس,felt / sensed,verb
247,مسا الخير,good evening,formula
1910,إذا بتحتاج إشي رنيلي,"If you need something, call me (to m.)",formula
161,يوم الخميس,Thursday,noun
2048,على حسب الوضع,depending on the situation,formula
2824,قسم,divided,verb
719,استراح,rested,verb
2211,حزن,sadness,noun
2282,شنطة سفر,travel bag,noun
1670,تراث,heritage,noun
1723,إنترنت,internet,noun
558,حذر,warned,verb
793,ما تواخذني,don't hold it against me (to m.),formula
2126,ع الآخر,to the max / extremely,adverb
1093,أوضة النوم,bedroom,noun
1547,لحالو,by himself / alone,adverb
1823,ممكن نأجل؟,Can we postpone?,formula
673,باع,sold,verb
413,إنت وإياه,that's between you and him,formula
253,الله معك,God be with you / bye (to m.),formula
2445,نفسية,mood / psychology / mental state,noun
940,ذكي,smart / intelligent,adjective
1535,أكتر,more / most,adjective
2431,الله يفرجها,God relieve it (the hardship),formula
2675,متلي متلك,"same as me, same as you (= we're equal)",formula
173,تشرين أول,October,noun
102,تسعطعش,nineteen (19),noun
2522,بالرفاه والبنين,with prosperity and sons (wedding blessing),formula
1792,بحس بغثيان,I feel nauseous,formula
1252,محل,shop / store,noun
1596,شهادة,degree / certificate / diploma,noun
721,عطش,got thirsty,verb
1355,اليوم برد,It's cold today,formula
3228,مصدر,"gerund, resource, origin",noun
1360,الدنيا عم بتبرق وبترعد,It's lightning and thundering,formula
1715,ممكن تلفي هدية؟,Can you gift wrap it? (to f.),frame
773,عيد الميلاد,Christmas / birthday,noun
2082,وجهو قليل,He's shameless (lit: his face is little),formula
1118,لمبة,light bulb / lamp,noun
2071,اللي ما بيعرف الصقر بيشويه,He who doesn't know the falcon grills it,formula
2390,دش,shower,noun
257,بشوفك بعدين,see you later (to m.),formula
2389,مغسلة,sink (kitchen/bathroom),noun
3190,شغلة,chore,noun
2474,على سبيل المثال,for example (formal),adverb
1091,بيت,house / home,noun
198,مرتين,twice,adverb
433,أهلا ومرحبا فيك,"welcome (warm, to m.)",formula
878,شفة,lip,noun
3044,ابن خالة,cousin (mother’s sister’s son),noun
2853,اليوم بعد الظهر,this afternoon,adverb
2884,ميدان,public square,noun
2232,عذر,excuse,noun
1206,محمص,toasted / roasted,adjective
2834,قنبلة,bomb,noun
2386,بقديش الإيجار بالشهر؟,How much is the rent per month?,frame
203,نادرا,rarely,adverb
349,من ناحية ثانية,on the other hand,adverb
1841,ضاع تلفوني,My phone got lost,frame
1855,كيف الأولاد؟,How are the kids?,formula
1110,طاولة,table,noun
206,من زمان,a long time ago,adverb
1927,كل ما كبرت,the more I grew up,frame
3135,ربح,profit,noun
2111,الله يرحم أيامو,God bless those days (nostalgia),formula
1432,كنيسة القيامة,Church of the Holy Sepulchre,noun
1445,جنين,Jenin,noun
2854,ليلة مبارح,last night,adverb
3099,ورق شجر,leaves,noun
3093,مكتئب,depressed,adjective
660,ضاف,added (friend/contact),verb
617,غسل,washed,verb
2306,ترقية,promotion,noun
2489,حط راسو براسو,confronted him head-on,formula
2595,كنت بمكانك,If I were you (to m.),frame
475,بالزور,barely / with difficulty,adverb
463,ع الأكثر,at most,adverb
250,تصبحي على خير,good night (to f.),formula
1728,إيميل,email,noun
678,حمل,carried / picked up,verb
561,نصح,advised,verb
1150,طاقية,hat / cap,noun
1313,بعيد,far,adjective
685,ربط,tied,verb
2585,قارن,compared,verb
1758,شريحة,SIM card,noun
55,يا... يا,either... or,conjunction
440,دير بالك,take care / be careful (to m.),formula
2592,أجل الموعد,postponed the appointment,frame
607,قبل,accepted,verb
2960,أواعي شتاوية,winter clothes,noun
725,طلب,ordered / requested,verb
2515,الله يردو بالسلامة,God return him safely,formula
85,ثنتين,"two (2, f.)",noun
294,تقبرني,you're so dear to me,formula
357,إلا إذا,unless,conjunction
1833,شو بيشتغل أبوك؟,What does your father do? (to m.),frame
2375,صغير علي,Too small for me,frame
3204,بصمة,fingerprint,noun
2218,حظ,luck,noun
2858,عضلة,muscle,noun
928,متنرفز,nervous / irritated (m.),adjective
3148,قيم,values,noun
261,الله يسلمك,God keep you safe (to m.),formula
899,عملية,surgery / operation,noun
1187,قداحة,lighter,noun
1890,ما كان المفروض تحكي,You weren't supposed to say that (to m.),frame
2613,مرة ثانية,one more time,adverb
3179,تصالح,made up with,verb
2524,إيش,what (variant),pronoun
483,خمسمية,five hundred (500),noun
1055,ملح,salt,noun
1625,قسيس,priest,noun
2018,بتعرف شو اللي صار,You know what happened (to m.),formula
854,خشم,nose (colloquial),noun
1354,اليوم حر,It's hot today,formula
2067,على قد لحافك مد إجريك,Stretch your legs according to your blanket,formula
2026,بالأول...بعدين...,First... then...,frame
374,ما هو,the thing is / well,particle
762,ثلاثة ونص,three and a half,noun
1197,خلاص,done / finished (emphatic),adjective
2661,نظارات,glasses / eyeglasses,noun
2726,أنا فلسطينية,I'm Palestinian (f.),frame
376,يا سيدي,well / look / OK fine,interjection
2510,ما بيسوى,it's worthless / not worth it,formula
2269,آلو مرحبا,Hello (phone opening),formula
159,يوم التلاتة,Tuesday,noun
1992,يا سلام شو حلو,"Wow, how beautiful",frame
886,دكتورة,doctor (f.),noun
1825,بعتلك لوكيشن,I'll send you the location (to m.),formula
3087,رضي,was pleased / satisfied,verb
3083,منفتح,open minded,adjective
416,إن شاء الله,maybe / we'll see (hedging use),formula
733,ذاق,tasted,verb
2972,أمريكا,america (USA),noun
1914,عشان نلحق,so that we make it on time,frame
716,تنهد,sighed,verb
1124,ممسحة,mop,noun
2636,قوس قزح,rainbow,noun
48,إذا,if,conjunction
1020,متبل,mutabbal (eggplant dip),noun
1212,حيط,wall (interior),noun
1706,بقديش هاد؟,How much is this?,formula
927,مليان,fed up / full (m.),adjective
1181,كباية,glass / drinking cup,noun
3150,نظرية,theory,noun
2381,الدنيا مثلجة,It's snowing / icy,frame
831,توأم,twin,noun
2544,التدفئة مش شغالة,The heating isn't working,frame
2894,عقار,real estate,noun
2821,صحافة,"press, Media",noun
172,أيلول,September,noun
2811,رئيس وزراء,prime minister,noun
1443,حيفا,Haifa,noun
485,عشر تالاف,"ten thousand (10,000)",noun
1718,موبايل,mobile phone,noun
1836,اتصلو ع الإسعاف,Call the ambulance (to pl.),formula
2804,عدو,enemy,noun
2207,ثقة,trust / confidence,noun
112,ميتين,two hundred (200),noun
1743,ببعتلك مسج,I'll send you a message (to m.),formula
2795,إنقلاب,coup,noun
2807,سلاح,weapon / gun,noun
2161,الآن,now (MSA/formal),adverb
2532,قصلي شوي من الجوانب,Trim the sides a bit (to m.),formula
1730,يوزر,username,noun
305,يا ريت,I wish / if only,formula
1228,نضيف,clean,adjective
3021,اليونان,greece,noun
1626,زكاة,alms / zakat,noun
2132,بطل,stopped / quit / it's no longer,verb
3226,لهجة,accent,noun
2939,نمر,tiger,noun
2256,عظم الله أجركم,"May God increase your reward (condolence, to pl.)",formula
1875,مستعمل,used / secondhand,adjective
1809,شو بتشتغل؟,What do you do for work? (to m.),formula
1083,حلو,sweet,adjective
2359,بكفيني,That's enough for me,formula
1333,عالبلد لو سمحت,To downtown please (to taxi driver),frame
1281,محكمة,court (legal),noun
1132,زبالة,trash / garbage,noun
1942,وعدني إنو,He promised me that,frame
2053,خليني أفكر وبرجعلك,Let me think and I'll get back to you (to m.),formula
2065,اللي على راسو بطحة بيحسس عليها,The guilty one feels it (lit: who has a bump feels it),formula
2178,مين,who (dialect),pronoun
1328,ثاني شارع ع الشمال,second street on the left,frame
2497,خلى الأمور تمشي,let things take their course,formula
395,زهقت,I'm so bored / fed up,formula
2986,لبنان,lebanon,noun
2075,عينو واسعة,He's greedy (lit: his eye is wide),formula
1804,الأكل ريحتو زاكية,The food smells wonderful,formula
1913,ما رحت لإنو كنت تعبان,I didn't go because I was tired,frame
2490,فتح عينو,became aware / wised up,frame
3192,واسطة,intermediary,noun
1171,ذهبي,gold / golden,adjective
1012,شاورما,shawarma,noun
1179,منقط,polka-dotted / spotted,adjective
2958,كلوت,underpants,noun
2599,بيبين إنو,It seems that / it's apparent that,frame
1651,خمسة وخميسة,hand of Fatima (evil eye protection),noun
587,فرح,was happy / rejoiced,verb
1074,طاوة,frying pan,noun
2451,ذاكرة,memory (faculty),noun
1676,نذر,vow / religious pledge,noun
482,ثلاثمية,three hundred (300),noun
3071,مشكلجي,troublemaker,adjective
309,صحتين,bon appétit / to your health,formula
2349,عيني حمرا,My eye is red,frame
1991,شو هالحلاوة,How sweet/beautiful this is,frame
1663,تقاعد,retirement,noun
1642,حشمة,modesty / decency,noun
2785,رئيس,president,noun
251,وإنت من أهلو,"and you too (good night reply, to m.)",formula
1301,أوتوستراد,highway,noun
2321,اتصلح,got fixed,verb
3195,منظمة,organization,noun
542,ركب,rode / got on (vehicle),verb
1925,نفس الإشي,the same thing,noun
2011,بفتكر إنو...,I think that...,frame
1928,ما في أحسن من هيك,there's nothing better than this,formula
2627,أثر,influenced / affected,verb
3157,غلى,raised the price,verb
2737,جلى,washed (dishes),verb
3082,شهم,noble,adjective
1071,سكينة,knife,noun
1065,وجبة,meal,noun
1254,سوبرماركت,supermarket,noun
95,اثنعش,twelve (12),noun
680,رمى,threw,verb
795,الله يحفظهم,God protect them,formula
2418,دين,debt,noun
2633,موجة برد,cold wave,noun
3121,كرة إيد,handball,noun
2614,من الأول,from the beginning,adverb
1582,ميكانيكي,mechanic,noun
2107,خليها على الله,Leave it to God,formula
518,جاب,brought,verb
1298,عجل,wheel / tire,noun
507,أخذ,took,verb
3047,إخوة,siblings,noun
1424,قطيع,flock / herd,noun
443,على راسي وعيني,with all my heart / absolutely,formula
2920,متفوق,superior,adjective
2076,عينو ضيقة,He's stingy (lit: his eye is narrow),formula
3178,تزوج,married,verb
2125,فشخ,extremely / insanely (intensifier),adverb
2600,ما بيبين عليك,It doesn't show on you (to m.),formula
1467,ثقيل,heavy,adjective
2448,تقدير,appreciation / estimation,noun
1248,جسر,bridge,noun
3010,كولومبيا,colombia,noun
348,من ناحية,on one hand,adverb
3170,فرشى,brushed,verb
1448,البحر الميت,the Dead Sea,noun
2459,نقطة ضعف,weak point / weakness,noun
249,تصبح على خير,good night (to m.),formula
119,ثاني,second,adjective
2150,من تحت لتحت,sneakily / under the table,adverb
970,ثقيل,heavy / annoying (person),adjective
3098,دنيا,world,noun
2296,معدل,GPA / average,noun
2133,طنش,ignored,verb
574,قرأ,read,verb
2356,محتاج عملية,He needs surgery,frame
494,وين ما كان,wherever,adverb
1123,مكنسة,broom,noun
2450,انتماء,belonging / identity,noun
2518,الله يفتحها بوجهك,God open doors for you (to m.),formula
3213,ولاية,state,noun
2942,صقر,hawk,noun
3041,مرة خال,aunt (mother’s brother’s wife),noun
992,عرس,wedding,noun
1183,ركوة,small coffee pot (Arabic),noun
1238,مسحوق,powder / detergent powder,noun
703,لحق,made it in time / caught up,verb
248,مسا النور,good evening (reply),formula
403,لأ,no,particle
1030,توم,garlic,noun
2719,ذكرني,"Remind me (imperative, to m.)",verb
552,فسر,explained,verb
893,رشح,cold (illness),noun
2261,بالتوفيق بالامتحان,Good luck on the exam,formula
3015,الصومال,somalia,noun
1615,إنجيل,Bible / Gospel,noun
2517,تقبل الله,May God accept (prayers/fasting),formula
2422,فاتورة المي,water bill,noun
2551,شو أخبار الأولاد بالمدرسة؟,How are the kids doing at school?,frame
1784,في عداد؟,Is there a meter?,formula
1826,من قديش ساكن هون؟,How long have you lived here? (to m.),formula
484,ألفين,two thousand (2000),noun
1261,مكتبة,bookstore / library,noun
2511,بيسوى,it's worth it,verb
2255,الله يرحمو ويغفرلو,God have mercy and forgive him,formula
2519,الله يقويك,God strengthen you (to m.),formula
616,قلع,took off (clothes/shoes),verb
1050,قهوة عربية,Arabic coffee,noun
2906,تقليدي,traditional,adjective
672,اشترى,bought,verb
2326,اتلغى,got canceled,verb
3056,قطار,train,noun
96,ثلاثطعش,thirteen (13),noun
2816,جمهورية,republic,noun
775,عيد الفطر,Eid al-Fitr,noun
549,سأل,asked,verb
1144,شورت,shorts,noun
580,زهق,got bored / fed up,verb
2966,خيمة,tent,noun
1768,معلش ما في...,"Sorry, we don't have...",frame
789,سامحيني,forgive me (to f.),formula
13,هديك,that (f.),pronoun
2792,مظاهرة,demonstration,noun
1470,رفيع,thin / slim (object),adjective
2617,متأكدة؟,Are you sure? (to f.),formula
182,الساعة ثنتين,It's two o'clock,frame
2278,الطيارة متأخرة,The plane is delayed,frame
1237,منظف,cleaning product / detergent,noun
2383,انقطعت الكهربا,The electricity went out,formula
2956,جينز,jeans,noun
3129,تركوأز,turquoise,adjective
545,ساق,drove,verb
3059,على الشمال,on the left,adverb
2721,أبلغ,reported / informed (Form IV),verb
2037,هاد بذكرني بـ...,This reminds me of...,frame
1129,مدفأة,heater,noun
1465,عريض,wide / broad,adjective
1967,عم بتشتي,It's raining (right now),frame
1563,أستاذ,teacher / professor / Mr.,noun
1145,تي شيرت,t-shirt,noun
341,بالنسبة لـ,regarding / as for,preposition
2976,مصر,egypt,noun
1474,حلو,pretty / beautiful / sweet,adjective
1898,ممكن تعيد؟,Can you repeat? (to m.),formula
2491,كبر مخو,he matured / grew wiser,frame
2749,سمسم,sesame,noun
1705,علبة,box / can / package,noun
589,قلق,worried,verb
345,بالإضافة,in addition,adverb
1089,مستوي,cooked / done / ripe,adjective
1551,بكفاية,enough,adverb
2559,مدير المدرسة,the school principal,noun
1603,بحث,research / paper,noun
2738,كب,threw away / spilled,verb
1807,البيت كتير حلو,The house is very nice,frame
58,ما... ش,not (emphatic verb negation),particle
659,بلك,blocked (someone online),verb
2902,تلوث,pollution,noun
131,ثانية,second (time),noun
2180,إيمتى,when (dialect),adverb
2484,اللي بيجري ورا الدنيا ما بيلحقها,He who chases the world never catches it,formula
2643,موسم,season (harvest/agricultural),noun
3074,جذاب,attractive charming,adjective
1330,بتعرف وين الـ...؟,Do you know where the...? (to m.),frame
3016,الصحراء الغربية,western Sahara,noun
1053,غازي,soda / carbonated drink,noun
3039,مرة عم,aunt (father’s brother’s wife),noun
1703,ربع كيلو,quarter kilo,noun
3209,إعتصام,protest,noun
1861,على حسابي,my treat / on me,formula
1733,فولو,follow (social media),noun
3035,تسع,nine + noun,noun
1178,مقلم,striped,adjective
973,بسيط,simple / easygoing,adjective
3042,ابن عمة,cousin (father’s sister’s son),noun
2494,حرق الأخضر واليابس,destroyed everything (lit: burned green and dry),formula
986,مطلق,divorced (m.),adjective
1167,برتقالي,orange (color),adjective
603,نجح,succeeded / passed (exam),verb
1871,سعر الصرف,exchange rate,noun
2776,شوفان,oatmeal,noun
1923,أكتر إشي,the most / the most important,frame
1656,وظيفة,job / position,noun
1724,واي فاي,WiFi,noun
1176,ملون,colorful,adjective
3079,شرير,evil,adjective
945,هادي,calm / quiet,adjective
2273,الخط بيقطع,The line keeps cutting out,formula
2504,دق المي مي,beat around the bush (lit: pound water into water),formula
2404,السيارة خربانة,The car is broken down,formula
1018,شوربة,soup,noun
157,يوم الأحد,Sunday,noun
1202,مقرمش,crispy / crunchy,adjective
2097,توكل على الله,Trust in God / just go for it,formula
2391,مكنسة كهربا,vacuum cleaner,noun
2770,نجاص,pears,noun
1846,بالتوفيق,good luck,formula
2864,جبهة,forehead,noun
797,عيلة,family,noun
1403,محمية,nature reserve,noun
2427,بظن لأ,I don't think so,formula
1271,البلدة القديمة,the Old City,noun
2499,طار عقلو,he lost his mind,formula
2121,مخرف,talking nonsense / senile,adjective
2680,فهمت علي؟,You get me? / You understand? (to m.),formula
164,كانون ثاني,January,noun
1417,الشمس قوية,The sun is strong,frame
445,الله يخليلك إياهم,"God keep them for you (about children, to m.)",formula
1698,فيزا,Visa (credit card),noun
1679,وضوء,ablution (before prayer),noun
2900,مدرج,"auditorium, amphitheater",noun
393,قصف جبهة,sick burn / comeback (lit: forehead bombing),noun
1188,كبريت,matches,noun
654,حمل,downloaded,verb
1725,موقع,website,noun
312,نمرة,number,noun
523,تذكر,remembered,verb
1430,سور القدس,the walls of Jerusalem,noun
1847,الله يوفقك,May God grant you success (to m.),formula
325,هيو,here it is (m.) / here he is,particle
697,تمدد,stretched out / lay down,verb
1988,سألني إذا بدي,He asked me if I want to,frame
724,تسلى,had fun / was entertained,verb
2714,تمنيك,joking / kidding around,noun
1045,فراولة,strawberry,noun
3194,معاملة,official application,noun
1761,ابعتلي فويس,Send me a voice note (to m.),formula
75,شوي,a little / a bit,adverb
398,فلت,escaped / got away,verb
3110,مقهور,deeply disappointed,adjective
1484,رطب,moist / damp,adjective
378,شو بدي أقولك,what can I say (to m.),formula
2140,قرف,disgusted,verb
2096,الله كريم,God is generous (= it'll work out),formula
2365,مخلل,pickles,noun
174,تشرين ثاني,November,noun
2529,شو هاظ,what is this (variant with ظ),formula
2543,الحنفية عنا بتنقط,Our faucet is dripping,formula
2759,غلى,boiled,verb
3040,جوز عمة,uncle (father’s sister’s husband),noun
368,والله,I swear / really (emphatic),interjection
14,هدولاك,those,pronoun
1908,إذا في وقت بمر عليك,If there's time I'll pass by (to m.),frame
1803,خليني أساعدك,Let me help you (to f.),formula
1384,عنزة,goat,noun
3189,فراطة,change of money,noun
295,يخرب بيتك,expression of exasperation (to m.),formula
292,البقاء لله,condolences (lit: permanence is God's),formula
1667,صنايعي,craftsman / tradesman,noun
1572,موظف,employee / civil servant,noun
424,الحمد لله ماشي الحال,"fine, getting by",formula
2727,الله يحفظ فلسطين,God protect Palestine,formula
3208,مذبحة,massacre,noun
2313,دور,searched / looked for,verb
860,إيد,hand / arm,noun
2094,بكرا بيطلع الصبح,Tomorrow the morning will come (= things will work out),formula
255,بشوفك,see you (to m.),formula
1573,موظفة,employee (f.),noun
735,سكت,was quiet / shut up,verb
3166,سامع,hearing,adjective
2226,كرامة,dignity,noun
2283,حجز,reservation / booking,noun
394,مخي وقف,I'm overwhelmed (lit: my brain stopped),formula
1692,فاتورة,receipt / bill / invoice,noun
2818,دكتاتور,dictator,noun
1290,بسكليت,bicycle,noun
2838,إستعمار,colonialism,noun
981,عمري... سنة,I'm ... years old,frame
21,إيمتى,when,adverb
274,معلش,never mind / it's OK / sorry,formula
2800,قاضي,judge,noun
1127,ريموت,remote control,noun
18,وين,where,adverb
86,ثلاثة,three (3),noun
252,مع السلامة,goodbye (to the one leaving),formula
2698,ثبت,confirmed / fixed in place,verb
1493,مستدير,round,adjective
754,مع إنو... بس,even though... but,frame
1941,ظنيت إنو,I thought that,frame
791,الله لا يهينك,"God not disgrace you (polite request, to m.)",formula
1720,لابتوب,laptop,noun
1674,طهور,circumcision celebration,noun
519,بعت,sent,verb
2774,بندق,hazelnut,noun
1190,بانيو,bathtub,noun
1748,عطيني رقمك,Give me your number (to m.),formula
707,شكر,thanked,verb
2640,زرع,planted / farmed,verb
2953,سحاب,zipper,noun
2779,بطاطا مقلية,chips,noun
3022,سويسرا,switzerland,noun
2693,قاطع,interrupted,verb
2896,نفق,tunnel,noun
1685,فلوس,money,noun
2115,شو هالحكي,what kind of talk is this / nonsense,formula
2855,الشهر الماضي,last month,noun
2432,الله يكرمك,God honor you (to m.),formula
910,بطني بتوجعني,my stomach hurts,formula
2341,استخبى,hid (oneself),verb
2271,بتقدر تحكي هلأ؟,Can you talk now? (to m.),formula
2101,عصفور بالإيد ولا عشرة ع الشجرة,A bird in hand is better than ten on the tree,formula
1377,تينة,fig tree,noun
998,دجاج,chicken,noun
2941,غراب,crow,noun
2836,راسمالية,capitalism,noun
1729,باسوورد,password,noun
1637,تقليد,tradition,noun
3239,فيلم,film,noun
3125,غوص,diving,noun
913,وين أقرب صيدلية؟,where's the nearest pharmacy?,frame
2969,عفش,furniture,noun
1104,قفل,lock,noun
1595,لوح,board / whiteboard,noun
1675,سبوع,week-old baby celebration,noun
3128,زيتي,olive green,adjective
1371,سهل,plain / flat land,noun
3231,فرقة,band,noun
1239,جارور,drawer (variant),noun
1869,حساب مشترك,shared bill / split bill,noun
1112,كنباية,couch / sofa,noun
3023,تمنية وأربعين,"forty Eight Palestine (refers to the 1948 borders of Palestine, and Palestinians often use this when talking about the land of modern day Israel)",noun
2091,الله يستر من الجاي,God protect us from what's coming,formula
2995,اليمن,yemen,noun
590,ندم,regretted,verb
2503,قلبو على لسانو,he speaks his mind (lit: heart on tongue),formula
54,مع إنو,even though / although,conjunction
3033,سبع,seven + noun,noun
1375,أرض,land / earth,noun
2157,أريد,I want (MSA/formal),verb
2904,رقيق,delicate / gentle,adjective
3199,فريق,team,noun
1088,طازة,fresh,adjective
83,وحدة,"one (1, f.)",noun
414,الله أعلم,God knows / who knows,formula
954,وقح,rude / shameless,adjective
2378,بتلبسي حجاب؟,Do you wear hijab? (to f.),formula
555,كذب,lied,verb
2281,حقيبة,suitcase / bag,noun
2999,تركيا,turkey,noun
989,هم توائم,they're twins,formula
2246,ظرف,circumstance / situation,noun
1200,سخن,hot (food/drink),adjective
2788,أكثرية,majority,noun
1390,ذبابة,fly (insect),noun
1893,بقدر أساعدك,I can help you (to m.),formula
2027,اللي صار بالآخر,What happened in the end,frame
882,ذراع,arm,noun
2100,يا بخت من بكى وضحك,Lucky is he who cried then laughed,formula
3160,عارف,knowing,adjective
1693,خصم,discount,noun
2,إنت,you (m. sg.),pronoun
2988,العراق,iraq,noun
2336,وفق,succeeded / reconciled,verb
650,صلح,fixed / repaired,verb
2973,روسيا,russia,noun
2632,موجة حر,heat wave,noun
155,السنة الجاي,next year,adverb
900,إبرة,needle / injection,noun
3236,زجل,poetry singing,noun
1680,تلاوة,Quran recitation,noun
2081,دمو بارد,He's calm/patient (lit: his blood is cold),formula
770,نص الليل,midnight,noun
1314,مقابل,across from / opposite,preposition
185,الساعة وربع,quarter past,frame
2509,على راسو بطحة,he's guilty (lit: he has a bump on his head),formula
1821,ماشي متفقين,"OK, we're agreed",formula
2419,قرض,loan,noun
266,يسلمو إيديكي,bless your hands (to f.),formula
2362,مكسرات,nuts,noun
723,استعجل,hurried / was in a rush,verb
2513,مش قصتي,not my problem / not my business,formula
3155,بطاقة بنك,bank card,noun
1721,تابلت,tablet,noun
2392,تنك,tin can / metal container,noun
2798,مستوطنة,settlement,noun
1295,تذكرة,ticket,noun
1695,محفظة,wallet,noun
116,ربع,quarter,noun
2514,الله يعوضك,God compensate you (to m.),formula
2666,ما شاء الله عليك,"Wow, good for you (to m.)",formula
2376,هاد اللون مش ماشي,This color doesn't work,formula
982,كبير,big / large / old (person),adjective
604,فشل,failed,verb
2954,خيط,thread,noun
1994,الله يا لطيف شو حر,"Oh my, how hot it is",frame
2715,فشخة,extremely (slang noun form),noun
1396,قرد,monkey,noun
787,بعتذر,I apologize,formula
134,شهر,month,noun
696,استلقى,lay down,verb
1694,عرض,offer / sale,noun
2692,قاطعني,He interrupted me,verb
1147,كندرة,shoe,noun
44,و,and,conjunction
1712,باخدو,I'll take it,formula
38,فوق,above / on top,preposition
1828,كيف تعرفتو على بعض؟,How did you meet each other?,formula
1069,ملعقة,spoon,noun
686,قص,cut (with scissors),verb
1446,طولكرم,Tulkarem,noun
2007,اللي حكيتو صح,What you said is correct,formula
1688,دولار,dollar,noun
385,أخ,ouch / ugh,interjection
3134,إستثمار,investment,noun
2993,كويت,kuwait,noun
1234,مشغل,turned on,adjective
3124,نافس,competed against,verb
3034,ثمن,eight + noun,noun
1344,شتا,rain / winter rain,noun
1496,مثلث,triangular,noun
336,لهيك,that's why,conjunction
2455,قناعة,contentment / conviction,noun
2623,كابل,cable,noun
1978,كنت بروح كل يوم,I used to go every day,frame
2277,وين بوابة رقم...؟,Where is gate number...?,frame
2961,غرفة نوم,bed room,noun
1288,تاكسي,taxi,noun
1858,الله يسلمك,"God keep you safe (reply, to m.)",formula
1648,حكواتي,storyteller,noun
1075,فرن,oven,noun
1476,مليح,handsome / good-looking,adjective
829,كنة,daughter-in-law,noun
2149,ع الفاضي والمليان,for no good reason / over nothing,formula
621,فرش,brushed (teeth),verb
1744,رنيلي لما توصل,Call me when you arrive (to m.),formula
2068,اللي بيزرع بيحصد,You reap what you sow,formula
32,بين,between,preposition
1130,صوبة,heater (kerosene/portable),noun
1813,شو بتدرسي؟,What do you study? (to f.),formula
2086,بالعربي,to put it plainly (lit: in Arabic),adverb
1669,ثقافة,culture,noun
1323,ع إيد الشمال,on the left side,frame
317,كلشي,everything,pronoun
2292,نجحت بالامتحان,I passed the exam,formula
1051,نسكافيه,instant coffee / Nescafé,noun
2426,بظن آه,I think so,formula
2922,قيم,worthy/precious,adjective
2547,تدفئة,heating,noun
1506,سهل,easy,adjective
2069,يا غايب عن العين يا غايب عن القلب,"Out of sight, out of mind",formula
2412,عمل سكرين شوت,took a screenshot,verb
2466,ومن جهة ثانية,and from another perspective,adverb
2830,ضم أراضي,annexation of territory,noun
805,سيدي,my grandfather,noun
2257,الله يصبرك ويقويك,God give you patience and strength (to m.),formula
1135,منشفة,towel,noun
493,مين ما كان,whoever,pronoun
819,زوجة,wife,noun
2525,شلون,how (variant),adverb
2476,نتيجة لـ,as a result of,preposition
1634,ثوب مطرز,embroidered dress,noun
1996,ما شفتوش,I didn't see him (emphatic),frame
1027,بندورة,tomato,noun
1452,قطاع غزة,the Gaza Strip,noun
1701,كيلو,kilogram,noun
3091,تعود,got used to,verb
2564,المدير بيضغط علينا,The boss is pressuring us,frame
1363,عشب,grass,noun
1856,كيف الأهل؟,How's the family?,formula
1636,عادة,custom / habit,noun
2983,بلاد الشام,the Levant,noun
1726,تطبيق,app / application,noun
862,ضفر,fingernail,noun
254,الله معك,God be with you / bye (to f.),formula
2409,أجر,rented out / leased,verb
1630,عزاء,condolences / funeral gathering,noun
1139,جكيت,jacket,noun
3000,شمال أفريقيا,north Africa,noun
1381,حصان,horse,noun
1251,دكانة,shop / small store,noun
2773,بامية,okra,noun
1128,مكيف,air conditioner,noun
591,تأثر,was affected / moved,verb
46,لإنو,because,conjunction
2802,حرب أهلية,civil war,noun
2828,قبيلة,tribe,noun
2145,راحت علي,I missed my chance / it's over for me,formula
3216,الأمم المتحدة,united Nations,noun
2620,سبيكر,speaker,noun
1297,بنزين,gasoline / petrol,noun
466,مثلا,for example,adverb
1797,قبل الأكل ولا بعدو؟,Before or after eating?,formula
2990,المكسيك,mexico,noun
2487,كلمة حق,a word of truth,noun
209,بينما,while,conjunction
3205,جايزة,grand prize,noun
851,عين,eye,noun
2174,وين,where (dialect),adverb
1760,فويس نوت,voice note,noun
2488,ضرب عصفورين بحجر,killed two birds with one stone,verb
1713,بتقبلو كاش بس؟,Do you accept cash only? (to pl.),frame
671,تحسن,improved / got better,verb
681,سحب,pulled,verb
568,توقع,expected,verb
1149,شراب,socks,noun
2937,نسر,eagle,noun
2429,إن شاء الله خير,hopefully it's good (worried response),formula
373,بتعرف شو,you know what (to m.),formula
2932,تطوع,volunteered,verb
2527,كيفك يا قلبي (خليلي),how are you my heart (Hebron style),formula
282,الله يعطيك العافية,God give you strength (to m.),formula
1222,إيجار,rent,noun
3019,بلاندا,poland,noun
1146,بجامة,pajamas,noun
2861,شارب,mustache,noun
2372,جوز,walnuts,noun
1646,صلحة,reconciliation / tribal peace,noun
2998,بحرين,bahrain,noun
2671,يعطيك العافية يا معلم,"God bless you, boss",formula
2542,رجعتلي الطنجرة؟,Did you return my pot? (to f.),formula
1159,جيبة,pocket,noun
47,عشان,because / in order to,conjunction
753,لا... ولا,neither... nor,conjunction
2970,محبس,valve,noun
1391,ناموسة,mosquito,noun
1661,خبرة,experience,noun
3117,كرة قدم,football,noun
2665,لا حول الله,Oh my God (distress),formula
2099,الطيور على أشكالها تقع,Birds of a feather flock together,formula
335,عشان هيك,that's why / therefore,conjunction
641,نظف,cleaned,verb
836,زلمة,man / guy,noun
2250,الله يتمملك على خير,May God complete it well for you (to m.),formula
3140,إستهلاك,consumption,noun
3175,قنينة,bottle,noun
2258,الفاتحة,"the opening (Quran chapter, recited for deceased)",noun
189,متأخر,late,adjective
3069,حقود,spiteful,adjective
2616,خليني أتأكد,Let me make sure,frame
42,حوالين,around,preposition
598,تخانق,fought / argued,verb
2789,أقلية,minority,noun
477,زوج,pair / couple,noun
2890,سينما,cinema,noun
2460,نقطة قوة,strong point / strength,noun
2187,نتيجة,result / consequence,noun
1102,شباك,window,noun
926,متفاجئ,surprised (m.),adjective
471,بإذن الله,God willing (formal),formula
2916,حديث,modern,adjective
3198,واجهة,store window,noun
354,طالما,as long as,conjunction
848,راس,head,noun
2668,يا عيب الشوم,How shameful,formula
2923,ممثل,actor,noun
1022,فتوش,fattoush (bread salad),noun
1944,لا تروح,Don't go (to m.),frame
1750,شو الباسوورد؟,What's the password?,formula
280,إن شاء الله,God willing / hopefully,formula
2575,كاني ما حكيت,As if I didn't say anything,formula
1683,صدقة,charity,noun
1622,أذان,call to prayer,noun
2981,فرنسا,france,noun
2152,زنخ,lame / boring / cringe,adjective
875,معدة,stomach (organ),noun
894,كحة,cough,noun
2393,قفة,basket / crate,noun
1366,رمل,sand,noun
1740,آلو,hello (on phone),formula
2032,كانك ما حكيت,You should have kept quiet (to m.),formula
1627,دعاء,supplication / prayer,noun
2486,اللي بيحبك بيحب كلبك,Who loves you loves your dog,formula
2146,خلص علي,I'm done for / it's over,formula
741,فلت,escaped / slipped away,verb
3146,محافظ,conservative,noun
1671,هوية,identity / ID card,noun
1979,كانو بيلعبو برا,They used to play outside,frame
3126,ملاكمة,boxing,noun
2979,أروبا,europe,noun
3174,سلم,greeted,verb
1759,غروب,group chat,noun
2264,الله يوفقك بالشغل,God grant you success at work (to m.),formula
320,غير,other / different,adjective
780,وحشتني,I missed you (to f.),formula
351,يعني بمعنى ثاني,in other words,adverb
1287,سرفيس,shared taxi / minibus,noun
399,طق,went / hit (slang),verb
2862,جبين,forehead,noun
3206,تحقيق,investigation,noun
1292,أمبولانس,ambulance,noun
1070,شوكة,fork,noun
2222,موت,death,noun
1457,نكبة,catastrophe / Nakba,noun
1479,ضعيف,weak,adjective
1837,اتصلو ع الشرطة,Call the police (to pl.),formula
1113,خزانة,closet / wardrobe,noun
306,الحمد لله ع السلامة,thank God for your safe arrival,formula
642,كنس,swept,verb
1038,موز,banana,noun
324,هي,here it is (f.) / this is,particle
2839,واقع,reality,noun
3103,نعسان,sleepy,adjective
827,نسيب,in-law (relative by marriage),noun
1383,غنمة,sheep,noun
1378,كلب,dog,noun
937,طيب,kind / good-hearted,adjective
3118,سباحة,swimming,noun
3063,فضولي,curious,adjective
2350,سناني بتوجعني,My teeth hurt,frame
508,أعطى,gave,verb
187,الساعة وعشرة,ten past,frame
3212,طلقة نارية,shooting,noun
219,شو الوقت؟,What time is it? (casual),formula
750,بيناتهم,between them / among themselves,preposition
202,من وقت لوقت,from time to time,adverb
1229,وسخ,dirty,adjective
783,خليك بخير,"stay well (farewell, to m.)",formula
2109,هيك الدنيا,That's life / that's how it is,formula
1194,سلك,wire / cable,noun
387,أوف,ugh / sigh,interjection
3052,تبني,adoption,noun
1090,ني,raw / uncooked,adjective
462,ع الأقل,at least,adverb
853,منخار,nose,noun
767,عتمة,darkness / late night,noun
2752,فاصوليا,green beans,noun
2841,مساواة,equality,noun
1605,ألف با,alphabet / ABCs,noun
822,خطيبة,fiancée,noun
2095,ما بيصير إلا الخير,Only good things will happen (= don't worry),formula
2621,بلوتوث,Bluetooth,noun
2741,هيل,cardamon,noun
2403,عملت حادث,I had an accident,formula
1814,بأي جامعة؟,At which university?,formula
1638,ضيافة,hospitality,noun
104,ثلاثين,thirty (30),noun
2102,اللي بيحفر حفرة لأخوه بيقع فيها,He who digs a pit for his brother falls in it,formula
1131,مروحة,fan,noun
158,يوم الإتنين,Monday,noun
3238,مهرجان,festival,noun
304,الله يستر,God protect us,formula
999,سمك,fish,noun
1245,رصيف,sidewalk,noun
3173,ليرة,lira (singular),noun
2577,بتعرف تسوق؟,Do you know how to drive? (to m.),frame
1456,حق العودة,the right of return,noun
1224,مستأجر,tenant,noun
1094,أوضة الأكل,dining room,noun
214,آخر الأسبوع,weekend,noun
2364,معجنات,pastries / baked goods,noun
2683,الله كبير,God is great (= it'll work out),formula
2483,الله يعيني,God help me,formula
1785,من هون لـ... بقديش؟,"From here to..., how much?",frame
1317,وين الـ...؟,Where is the...?,frame
334,بالآخر,in the end / finally,adverb
2978,الجزائر,algeria,noun
151,هالأسبوع,this week,adverb
1811,وين بتشتغل؟,Where do you work? (to m.),formula
2694,علق,commented,verb
146,بعدين,later / then / after that,adverb
1513,مشغول,busy,adjective
2697,شجع,encouraged,verb
729,حضر,attended / was present,verb
2370,لوز,almonds,noun
1191,تواليت,toilet,noun
2686,فضفض,vented / let it out,verb
1851,تعالو عنا,Come to our place (to pl.),formula
1199,بارد,cold (food/drink),adjective
2298,ثانوية,high school,noun
344,غير هيك,besides that / other than that,adverb
1033,باذنجان,eggplant,noun
1058,قرفة,cinnamon,noun
902,ضماد,bandage,noun
36,إلـ,to / for (possession),preposition
2534,بدي أصبغ شعري,I want to dye my hair,frame
867,ركبة,knee,noun
1408,عاصفة,storm,noun
2822,حكم,governed / ruled over,verb
1824,ما بقدر ألحق,I can't make it (in time),formula
259,روح بالسلامة,go safely (to m.),formula
3027,قاموس,dictionary,noun
1528,رخيص,cheap / inexpensive,adjective
1414,الدنيا برد,It's cold out,frame
2405,بدي أعبي بنزين,I need to fill up gas,formula
2678,بتعملها ولا لأ؟,Are you going to do it or not? (to m.),formula
859,كتف,shoulder,noun
1770,على بعض ولا كل واحد لحالو؟,Together or separate? (bill),formula
1385,دجاجة,chicken (one),noun
2604,بغض النظر عن هاد,Regardless of this,frame
2891,كنيس,synagogue,noun
1307,مشوار,trip / errand / outing,noun
2004,بالمرة ما بيعرف,He doesn't know at all,frame
233,مرحبتين,double hello (warm reply),formula
1413,هاد اليوم حلو,It's a nice day today,formula
1411,درجة,degree (temperature),noun
1649,مثل,proverb / saying,noun
1032,كوسا,zucchini,noun
786,يلا أنا رايحة,alright I'm heading out (f.),formula
2528,مو,not (northern variant),particle
1918,حتى نخلص بكير,so we finish early,frame
3030,أربع,four + noun,noun
2005,اللي بيعرف بيعرف,"Those who know, know",formula
1039,برتقال,orange (fruit),noun
3232,آلة,instrument,noun
2823,ثار,rebelled against,verb
2421,فاتورة الكهربا,electricity bill,noun
451,هاد من ذوقك,that's kind of you (to m.),formula
2772,بازيلا,peas,noun
1965,رح يكون في حفلة,There will be a party,frame
1185,ميكرويف,microwave,noun
132,يوم,day,noun
1352,رطوبة,humidity,noun
3106,مرشح,have a cold,adjective
1780,بدي أحجز طاولة,I'd like to reserve a table,frame
1987,ما بعرف إذا بيجي,I don't know if he's coming,frame
2253,الله يخليلك إياه,"God keep him for you (about baby, to m.)",formula
2135,تنيك,messed around / joked around,verb
610,اعترض,objected,verb
391,تقيل دم,annoying person (lit: heavy blood),adjective
2845,إتفاقية,agreement,noun
1072,صينية,tray / baking pan,noun
1341,غيم,clouds,noun
956,جريء,bold / brave,adjective
717,غضب,got angry,verb
2888,مسرح,theater,noun
2892,قصر,palace,noun
2124,أسطوري,legendary,adjective
1221,كراج,garage,noun
3061,عدواني,aggressive / hostile,adjective
1201,لذيذ,delicious,adjective
2398,شاكوش,hammer,noun
2045,بتتفق معي؟,Do you agree with me? (to m.),formula
2424,متأكد؟,Are you sure? (to m.),formula
3159,جاي,coming,adjective
2304,بدي أستقيل,I want to resign,frame
2369,تمر,dates (fruit),noun
2430,الله يسهل,God make it easy,formula
2578,بتقدر تعلمني؟,Can you teach me? (to m.),formula
2936,فراشة,butterfly,noun
1686,شيكل,shekel (currency),noun
715,بكى,cried,verb
2300,حصة رياضة,gym class / PE,noun
1170,رمادي,gray,adjective
2051,بالمقابل,on the other hand / in return,adverb
1023,كنافة,knafeh (cheese pastry dessert),noun
2943,ثعلب,fox,noun
1782,قديش بتاخد ع...؟,"How much to go to...? (taxi, to m.)",frame
3222,قداس,mass,noun
1812,شو بتدرس؟,What do you study? (to m.),formula
2985,سوريا,syria,noun
2808,سياسي,politician,noun
183,الساعة ثلاثة,It's three o'clock,frame
1435,رام الله,Ramallah,noun
333,ثاني إشي,second of all / secondly,adverb
1351,برد,cold / cold weather,noun
2092,كل شي بوقتو حلو,Everything is good in its time,formula
1134,صابون,soap,noun
2472,بين قوسين,in parentheses / so to speak,adverb
2142,طلعلي بلا,caused me problems (lit: brought out trouble for me),formula
2911,مشوه,deformed,adjective
1735,نوتفكيشن,notification,noun
1632,دبكة,dabke (traditional dance),noun
1404,بيئة,environment,noun
1929,لما وصلت,when I arrived,frame
1843,بحاجة لدكتور,I need a doctor,frame
2441,أمي,my mom (term of endearment),noun
972,معقد,uptight / complicated (person),adjective
2335,نسق,coordinated / organized,verb
2963,غرفة ضيوف,reception room,noun
1817,فاضي يوم الجمعة؟,Are you free on Friday? (to m.),frame
2889,بقالة,small grocery shop,noun
869,قلب,heart,noun
821,خطيب,fiancé,noun
2762,لحم خروف,lamb (meat),noun
1990,ما أحلاه,How beautiful he/it is,formula
1192,مفتاح النور,light switch,noun
499,بدون,without,preposition
2128,جامد,cool / awesome (lit: solid),adjective
2725,أنا فلسطيني,I'm Palestinian (m.),frame
2689,خذ وقتك,Take your time (to m.),formula
2955,حزام,belt,noun
140,ليل,night,noun
2717,وقفنا عند...,We stopped at... (in a story),frame
1731,بوست,post (social media),noun
1459,تصريح,permit (travel),noun
1095,صالون,living room / salon,noun
2151,وج,face (slang),noun
2073,أكبر منك بيوم أعرف منك بسنة,"Older by a day, wiser by a year",formula
1345,ثلج,snow,noun
2723,تحقق,verified / confirmed,verb
1912,إذا ما إجت بلشو بدوني,"If I don't come, start without me",formula
1502,أملس,smooth / slippery,adjective
3025,طالب,student,noun
2945,ثور,bull,noun
2760,عض,bit,verb
1175,لون,color,noun
1284,موقف,parking lot / bus stop,noun
2501,حط إيدو بالنار,got himself into trouble,formula
1122,نشافة,dryer,noun
1889,كان لازم أخبرك,I should have told you (to m.),frame
439,لا تتعبي حالك,don't trouble yourself (to f.),formula
2197,فرصة,opportunity / chance,noun
2083,على راسي من فوق,Absolutely / with the highest honor,formula
1267,مقبرة,cemetery,noun
2506,ركب راسو,he was stubborn / insisted,formula
163,يوم السبت,Saturday,noun
2221,حياة,life,noun
1981,لما كنت صغير,When I was young,frame
1878,بدي إياه,I want it,frame
2580,ورجى,showed,verb
3237,أغنية,song,noun
2609,يعني بتقصد...,You mean... (to m.),frame
2713,أهان,insulted / disrespected,verb
2209,خوف,fear,noun
2984,إسرائيل,israel (Palestine),noun
837,ختيار,old man,noun
2780,ذاب,melted / dissolved,verb
2654,تأمين صحي,health insurance,noun
2695,انتقد,criticized,verb
2646,عصر الزيتون,olive pressing,noun
3085,تضايق,was annoyed,verb
2492,طقت معو,it clicked with him / he understood,formula
983,صغير,small / little / young (person),adjective
2706,عقد,complicated,verb
3149,أخلاق,ethics / morals,noun
486,رقم,number (formal),noun
460,ع الفاضي,for nothing / pointlessly,adverb
1662,سيرة ذاتية,CV / resume,noun
476,صفر,zero (0),noun
1765,شو بتنصحني فيه؟,What do you recommend? (to m.),formula
2520,الله يحققلك أمانيك,God fulfill your wishes (to m.),formula
1753,مسج,text message,noun
2059,قبل ما أنسى,before I forget,formula
3220,يهودي,jew,noun
307,الله يحفظك,God protect you (to m.),formula
626,فطر,had breakfast,verb
3169,غفي,dozed off / took a nap,verb
1210,حديقة,garden / yard,noun
2840,تميز,discrimination,noun
