level_band,our_level,mvp,issues,romanization,vowel_marks,native_check,correction,other_dictionary,rejudge,our_id,our_arabic,our_romanization,our_english,our_pos,confidence,reasons,external_verdict,external_fix,external_note,their_word,their_meaning
1-2,1,Y,vowel_marks,,Y,,,,,507,أَخَد,akhad,took,verb,2,vocalised M,,,,,
1-2,1,Y,correction,,,,Y,,,508,أَعْطَى,a3Ta,gave,verb,2,correction conjugation M: بتعطيني (bti3Tiini) = she gives me,,,,,
1-2,1,Y,correction,,,,Y,,,518,جَاب,jaab,brought,verb,2,correction conjugation M: جيبلي (jiibli) = bring me (imperative),,,,,
1-2,1,Y,native_check + correction,,,Y,Y,,,521,قِدِر,'idir,was able to / could,verb,2,native_check; correction conjugation M: بنقدر (bni'dar) = we can,,,,,
1-2,1,Y,native_check + correction,,,Y,Y,,,622,أَكَل,akal,ate,verb,2,native_check; correction conjugation M: بنوكل (binookil) = we eat,,,,,
1-2,1,Y,correction,,,,Y,,,672,اشْتَرَى,ishtara,bought,verb,2,correction conjugation M: بشتري (bashtari) = I buy,,,,,
1-2,2,Y,romanization + vowel_marks + correction,Y,Y,,Y,,,523,اِتْذَكَّر,itzakkar,remembered,verb,2,romanization M; vocalised M; correction conjugation M: بتتذكّر (btitzakkar); correction romanization M: itzakkar,,,,,
1-2,2,Y,correction,,,,Y,,,531,مِشِي,mishi,walked,verb,2,correction conjugation M: بتمشي (btimshi) = she walks,,,,,
1-2,2,Y,correction,,,,Y,,,542,رِكِب,rikib,rode / got on (vehicle),verb,2,correction conjugation M: منركب (minirkab) = we ride,,,,,
1-2,2,Y,correction,,,,Y,,,545,سَاق,saa',drove,verb,2,correction conjugation M: بَسُوق (basuu') = I drive,,,,,
1-2,2,Y,correction,,,,Y,,,549,سَأَل,sa'al,asked,verb,2,correction conjugation M: بَسْأَل (bas'al) = I ask,,,,,
1-2,2,Y,romanization + vowel_marks,Y,Y,,,,,555,كَذَب,kazab,lied,verb,2,romanization M; vocalised M,,,,,
1-2,2,Y,correction,,,,Y,,,563,حَسّ,7ass,felt / sensed,verb,2,correction conjugation M: بَحِسّ (ba7iss) = I feel,,,,,
1-2,2,Y,vowel_marks + correction,,Y,,Y,,,574,قَرَا,'ara,read,verb,2,vocalised M; correction conjugation M: بَقْرَا (ba'ra) = I read,,,,,
1-2,2,Y,vowel_marks + correction,,Y,,Y,,,585,زِعِل,zi3il,got upset / angry,verb,2,vocalised M; correction harakaat M: زِعِل,,,,,
1-2,2,Y,romanization + vowel_marks + native_check + correction,Y,Y,Y,Y,,,603,نِجِح,niji7,succeeded / passed (exam),verb,2,romanization M; vocalised M; native_check; correction harakaat M: نِجِح,,,,,
1-2,2,Y,correction,,,,Y,,,617,غَسَل,ghasal,washed,verb,2,correction conjugation M: اِغْسِل (ighsil) = wash! (imperative m.),,,,,
1-2,2,Y,correction,,,,Y,,,625,تْعَشَّى,t3ashsha,had dinner,verb,2,correction conjugation M: بتتعشّوا (btit3ashshu) = you (pl.) have dinner,,,,,
1-2,2,Y,correction,,,,Y,,,627,صَلَّى,Salla,prayed,verb,2,correction conjugation M: بيصلّوا (biSallu) = they pray,,,,,
1-2,2,Y,romanization + vowel_marks + native_check,Y,Y,Y,,,,641,نَظَّف,naDDaf,cleaned,verb,2,romanization M; vocalised M; native_check,,,,,
1-2,2,Y,correction,,,,Y,,,648,شَغَّل,shaghghal,turned on (device/machine),verb,2,correction conjugation M: بيشغّل (bishaghghil) = he turns on,,,,,
1-2,2,Y,romanization + vowel_marks,Y,Y,,,,,669,وَجَع,waja3,hurt / ached,verb,2,romanization M; vocalised M,,,,,
1-2,2,Y,correction,,,,Y,,,673,بَاع,baa3,sold,verb,2,correction conjugation M: بيبيع (bibii3) = he sells,,,,,
1-2,2,Y,correction,,,,Y,,,680,رَمَى,rama,threw,verb,2,correction conjugation M: بتِرمي (bitirmi) = you (m.) throw,,,,,
1-2,2,Y,correction,,,,Y,,,698,لِعِب,li3ib,played,verb,2,correction conjugation M: منلعب (mnil3ab) = we play,,,,,
1-2,2,Y,correction,,,,Y,,,707,شَكَر,shakar,thanked,verb,2,correction conjugation M: بَشْكُرَك (bashkurak) = I thank you,,,,,
1-2,2,Y,correction,,,,Y,,,725,طَلَب,Talab,ordered / requested,verb,2,correction conjugation M: بتطلبي (btiTlubi) = you (f.) order,,,,,
1-2,2,Y,correction,,,,Y,,,2132,بَطَّل,baTTal,stopped / quit / it's no longer,verb,2,correction conjugation M: بَبَطِّل (babaTTil) = I stop,,,,,
1-2,2,Y,native_check + correction,,,Y,Y,,,2580,وَرْجَى,warja,showed,verb,2,native_check; correction conjugation M: بِيوَرْجِي (biwarji) = he shows,,,,,
1-2,2,,correction,,,,Y,,,515,ضَلّ,Dall,stayed / remained / kept,verb,2,correction root M: ظ-ل-ل,,,,,
1-2,2,,correction,,,,Y,,,519,بَعَت,ba3at,sent,verb,2,correction conjugation M: ببعتلك (bab3atlak) = I send you (m.),,,,,
1-2,2,,romanization + vowel_marks + native_check + correction,Y,Y,Y,Y,,,547,لِحِق,li7i',caught up / followed,verb,2,romanization M; vocalised M; native_check; correction harakaat M: لِحِق,,,,,
1-2,2,,vowel_marks,,Y,,,,,587,فِرِح,firi7,was happy / rejoiced,verb,2,vocalised M,,,,,
1-2,2,,vowel_marks + correction,,Y,,Y,,,589,قِلِق,'ili',worried,verb,2,vocalised M; correction harakaat M: قِلِق; correction conjugation M: بتقلقي (bti'la'i); correction meaning M: got worried / worried,,,,,
1-2,2,,correction,,,,Y,,,616,قَلَع,'ala3,took off (clothes/shoes),verb,2,correction conjugation M: اِقْلَعُوا (i'la3u),,,,,
1-2,2,,romanization + vowel_marks + native_check + correction,Y,Y,Y,Y,,,626,فِطِر,fiTir,had breakfast,verb,2,romanization M; vocalised M; native_check; correction harakaat M: فِطِر; correction conjugation M: بفطر (bafTur) = I have breakfast,,,,,
1-2,2,,correction,,,,Y,,,645,غَسَّل,ghassal,did laundry,verb,2,"correction meaning M: washed (clothes, dishes); did laundry",,,,,
1-2,2,,correction,,,,Y,,,670,مِرِض,miriD,got sick,verb,2,correction conjugation M: بتمرض (btimraD) = she gets sick,,,,,
1-2,2,,correction,,,,Y,,,690,ضَرَب,Darab,hit / beat,verb,2,correction conjugation M: بيضرب (biDrub) = he hits,,,,,
1-2,2,,correction,,,,Y,,,703,لَحَّق,la77a',made it in time / caught up,verb,2,correction conjugation M: منلحّق (minla77i') = we make it in time,,,,,
1-2,2,,correction,,,,Y,,,719,اسْتَرَاح,istaraa7,rested,verb,2,correction conjugation M: بتستريحي (btistarii7i) = you (f.) rest,,,,,
1-2,2,,romanization + vowel_marks + native_check + correction,Y,Y,Y,Y,,,735,سِكِت,sikit,was quiet / shut up,verb,2,romanization M; vocalised M; native_check; correction harakaat M: سِكِت,,,,,
1-2,2,,native_check,,,Y,,,,2157,أُرِيد,uriid,I want (MSA/formal),verb,2,native_check,,,,,
1-2,2,,correction,,,,Y,,,2313,دَوَّر,dawwar,searched / looked for,verb,2,correction meaning M: searched / looked for (دوّر على),,,,,
1-2,2,,romanization + native_check,Y,,Y,,,,2719,ذَكِّرْنِي,dakkirni,"Remind me (imperative, to m.)",verb,2,romanization M; native_check,,,,,
1-2,2,,correction,,,,Y,,,2738,كَبّ,kabb,threw away / spilled,verb,2,correction conjugation M: bikibb,,,,,
1-2,2,,romanization + vowel_marks,Y,Y,,,,,2759,غَلَى,ghala,boiled,verb,2,romanization M; vocalised M,,,,,
1-2,2,,romanization + vowel_marks + native_check,Y,Y,Y,,,,3085,تْضايَق,tDaaya',was annoyed,verb,2,romanization M; vocalised M; native_check,,,,,
1-2,2,,romanization + vowel_marks + correction,Y,Y,,Y,,,3087,رِضِي,riDi,was pleased / satisfied,verb,2,romanization M; vocalised M; correction harakaat M: رِضِي; correction conjugation M: byirDa,,,,,
1-2,2,,romanization + vowel_marks,Y,Y,,,,,3091,تْعَوَّد,t3awwad,got used to,verb,2,romanization M; vocalised M,,,,,
1-2,2,,correction,,,,Y,,,3174,سَلَّم,sallam,greeted,verb,2,correction meaning M: greeted; handed over; surrendered; correction conjugation M: bisallim,,,,,
1-2,2,,romanization + vowel_marks + correction,Y,Y,,Y,,,3178,تْزَوَّج,tzawwaj,married,verb,2,romanization M; vocalised M; correction meaning M: to get married (he married); correction variant M: variant: اتجوز (tjawwaz),,,,,
