Page,Word,Transliteration,Details
"1","كان","kan","To be"
"1","إشي","ishee","thing"
"1","آه","aah","Yes"
"1","كتير","kteer","A lot"
"1","صار","Sar","To happen / become"
"1","كَلب","kalb","Dog"
"1","نَعَم","na3am","Yes (formal)"
"1","شوَي","shway","A Little"
"1","عَرِف","3arif","To know"
"1","سَوَّى","sawwaa","To do"
"1","لا","la","No"
"1","كَبير","kabeer","Big"
"1","راح","raH","To go"
"1","بِسة","bisa","Cat"
"1","شُكراً","shookran","Thank you"
"1","صغِير","Sghir","Small"
"1","إِجى","ija","To come"
"1","لا","la","شُكراًNo thank you"
"1","شُكراً","shookran","لا No thank you"
"1","كَبِير","kabir","Old"
"1","رَجِع","raji3","To return"
"1","مَرحَبا","marHaba","Hello"
"1","يا","ya","You (comes before someone's name)"
"1","صغِير","Sghir","Young"
"1","حَكى","Haka","To speak"
"1","أهلاً","ahlan","Hi"
"1","بَعِيد","ba3id","Far"
"1","قال","qal","To say"
"1","هادا","hada","This"
"1","قَرِيب","qarib","Close"
"1","خَبَّر","khabbar","To tell / inform"
"1","هادي","hadee","This (fem.)"
"1","عالي","3alee","High"
"1","طَوِيل","Tawil","Tall / long"
"1","سَمِع","sami3","To listen to / hear"
"1","جِسم","jism","Body"
"1","هَدُول","hadool","This (plur.)"
"1","واطي","waTee","Low"
"1","قَصِير","qaSir","Short"
"1","شاف","shaf","To see"
"1","حمار","Hmar","Donkey"
"1","سَأَل","saal","To ask"
"1","راس","ras","Head"
"1","رَدّ","radd","To answer / reply"
"1","جاوَب","jawab","To reply / answer"
"1","قدِيم","qdim","Old"
"1","تَذَكَّر","tadhakkar","To remember"
"1","خَنزير","khanzeer","Pig"
"1","وُ","woo","And"
"1","جدِيد","jdid","New"
"1","نَسِي","nasi","To forget"
"2","أرنَب","arnab","Rabbit"
"2","صِدر","Sidr","Chest"
"2","وَلا","wala","Or"
"2","ثقِيل","thqil","Heavy"
"2","أَو","aw","Or (more formal)"
"2","قَدِر","qadir","To be able to"
"2","بَطّة","baTTa","Duck"
"2","وَلّا","walla","Neither / nor"
"2","حَبّ","Habb","To love"
"2","عَصفور","3aSfoor","Bird"
"2","وِجْه","wijh","Face"
"2","مَع","ma3","With"
"2","بِشَع","bisha3","Ugly"
"2","سَكَن","sakan","To live / reside"
"2","عاش","3ash","To live"
"2","مات","mat","To die"
"2","عَين","3ayn","Eye"
"2","حَلو","Haloo","Beautiful"
"2","أَعْطى","a3Ta","To give"
"2","أَخَذ","akhadh","To take"
"2","حَطّ","HaTT","To put"
"2","ضَعِيف","Da3if","Skinny / Weak"
"2","مَنخار","mankhar","Nose"
"2","ناصِح","naSiH","Fat"
"2","جاب","jab","To bring"
"2","أُذن","oodhn","Ear"
"2","أكَل","akal","To eat"
"2","ثِم","thim","Mouth"
"2","شَرِب","sharib","To drink"
"2","قَرَأ","qaraa","To read"
"2","أسَد","asad","Lion"
"2","كَتَب","katab","To write"
"2","سِن","sin","Tooth"
"2","دَرَس","daras","To study"
"2","تَعَلَّم","ta3allam","To learn"
"2","قِرد","qird","Monkey"
"2","اعْتَقَد","a3taqad","To think / believe"
"2","حَيّة","Hayya","Snake"
"2","فَكَّر","fakkar","To think (about)"
"2","شَعر","sha3r","Hair"
"2","جَمل","jaml","Camel"
"2","سَمَكة","samaka","Fish"
"2","كوَيس","kways","Good"
"2","فَهِم","fahim","To understand"
"2","اشْتَغَل","ashtaghal","To work"
"2","مَبسُوط","mabsooT","Happy"
"2","نام","nam","To sleep"
"2","إِيد","id","Hand / arm"
"2","زَعلان","za3lan","Sad...مِن"
"2","صَحِي","SaHi","To wake up"
"3","تَعبان","ta3ban","Tired"
"3","قام","qam","To stand up / wake up"
"3","نَعسان","na3san","Sleepy"
"3","قَعَد","qa3ad","To sit down"
"3","أُصبِع","ooSbi3","Finger"
"3","زَهقان","zahqan","Bored...مِن"
"3","اشْتَرى","ashtara","To buy"
"3","رِجْل","rijl","Leg / foot"
"3","عَلَى","3alaa","On"
"3","جَوعان","jaw3an","Hungry"
"3","باع","ba3","To sell"
"3","وَقِف","waqif","To stand"
"3","عَ","3a","On (abbreviation of على)"
"3","شَبعان","shab3an","Full"
"3","مَشى","masha","To walk"
"3","ظَلّ","Zall","To stay / remain"
"3","عَطشان","3aTshan","Thirsty"
"3","بَقِي","baqi","To stay / remain"
"3","بِ","bi","In / Inside"
"3","حَسّ","Hass","To feel"
"3","إِلى","ila","To / for / of / by"
"3","احْتاج","aHtaj","To need"
"3","ل","l","To / for / of / by"
"3","اتَّصَل","attaSal","To contact"
"3","قَدم","qadm","foot"
"3","ضَحِك","DaHik","To laugh at"
"3","شَكى","shaka","To complain"
"3","انْبَسَط","anbasaT","To enjoy"
"3","دَخَل","dakhal","To enter"
"3","خَرَج","kharaj","To exit"
"3","صام","Sam","To fast"
"3","ساعَد","sa3ad","To help"
"3","قَلب","qalb","Heart"
"3","لاقَى","laqaa","To find"
"3","مَدينة","madeena","City"
"3","شارِع","shari3","Street"
"3","هون","hoon","Here"
"3","مَركِز","markiz","Center"
"3","دَرج","darj","stairs"
"3","هُناك","hoonak","There"
"3","أسوَد","aswad","Black"
"3","أبيَض","abyaD","White"
"3","أزرَق","azraq","Blue"
"3","أخضَر","akhDar","Green"
"3","حارة","Hara","Neighbourhood"
"3","أحمَر","aHmar","Red"
"3","أصفَر","aSfar","Yellow"
"3","بِنّي","binnee","Brown"
"3","مَطعَم","maT3am","Restaurant"
"3","فُندُق","foondooq","Hotel"
"4","غُرفة","ghoorfa","room"
"4","بُرتُقالي","boortooqalee","Orange"
"4","محَطة","mHaTa","Station"
"4","مَسجِد","masjid","Mosque"
"4","جامِع","jami3","Mosque"
"4","دُكّان","dookkan","Small shop"
"4","اليوم","il-eeoom","Today"
"4","مبَارِح","mbariH","Yesterday"
"4","بُكرة","bookra","Tomorrow"
"4","فُندُق","foondooq","Hotel"
"4","بَنك","bank","Bank"
"4","مَخبَز","makhbaz","Bakery"
"4","مُستَشفى","moostashfa","Hospital"
"4","جامِعة","jami3a","University"
"4","نادي","nadee","Gym"
"4","مَطار","maTar","airport"
"4","مَصنَع","maSna3","Factory"
"4","قَبيح","qabeeH","Ugly"
"4","وِسخ","wiskh","Dirty"
"4","مَكسور","maksoor","Broken"
"4","بُرج","boorj","Tower"
"4","جِسر","jisr","Bridge"
"4","بِدّ","bidd","To want"
"4","عِند","3ind","To have"
"4","أنا","ana","I / me"
"4","حَديقة","Hadeeqa","Park"
"4","إنتَ","inta","You (m.)"
"4","إنتِ","inti","You (f.)"
"4","إنتو","intoo","You (pl.)"
"4","آي","aaee","تي ام ATM"
"4","تي","tee","آي  ام ATM"
"4","ام","am","آي تي  ATM"
"4","إحنا","iHna","We"
"4","هُوَّ","hooa","He"
"4","هِيَّ","hia","She"
"4","هُمَّ","hoomma","They"
"4","ـــِي","i","...  My"
"4","ـــَك","ak","...  Your (m.)"
"4","إشارة","ishara","Sign"
"4","ـــِك","ik","...  Your (f.)"
"4","ـــكُم","koom","...  Your (pl.)"
"4","ـــنا","na","...  Our"
"4","ـــُه","ooh","...  His"
"4","ـــها","ha","...  Her"
"4","زبالة","zbala","Trash, garbage"
"4","ـــهُم","hoom","...  Their"
"4","ـــني","nee","...  Me"
"4","ـــَك","ak","...  You (m.)"
"4","ـــِك","ik","...  You (f.)"
"4","ـــكُم","koom","...  You (pl.)"
"4","ـــنا","na","...  Us"
"4","ـــُه","ooh","...  Him"
"5","ـــها","ha","...  Her"
"5","ـــهُم","hoom","...  Them"
"5","الكُلّ","il-kooll","Everyone"
"5","فاضي","faDee","Empty"
"5","مَليان","maleean","Full"
"5","بَكير","bakeer","Early"
"5","بَدري","badree","Early"
"5","مُتأخِر","mootakhir","Late"
"5","حَلو","Haloo","Sweet"
"5","مَلابِس","malabis","clothes"
"5","حامِض","HamiD","Sour"
"5","أواعي","aooa3ee","clothes"
"5","مُرّ","moorr","Bitter"
"5","مالِح","maliH","Salty"
"5","جَكَيت","jakayt","jacket"
"5","حَرّ","Harr","Spicy"
"5","قَميص","qameeS","shirt"
"5","زَاكي","zakee","Tasty"
"5","بَنَطلون","banaTloon","Trousers"
"5","كيف","keef","How?"
"5","مين","meen","Who?"
"5","شو","shoo","What?"
"5","أيمتى","aeemta","When?"
"5","وَين","wayn","Where?"
"5","فُستان","foostan","dress"
"5","أيش","aeesh","What?"
"5","أيّ","aeeee","Which, what?"
"5","مواصلات","mooaSlat","public transportation"
"5","نَظّارات","naZZarat","Glasses, spectacles"
"5","طائية","Ta2eea","Hat"
"5","بَسْكَلِيْتّ","baskalitt","bicycle"
"5","موتوسيكل","mootooseekl","motorcycle"
"5","سَفينة","safeena","ship"
"5","ثَانِيِّة","thaniia","Second"
"5","دَقِيقة","daqiqa","Minute"
"5","ساعة","sa3a","Hour"
"5","يُوم","yoom","Day"
"5","أُسبُوع","oosboo3","Week"
"5","شَهِر","shahir","Month"
"5","سَنة","sana","Year"
"5","مبارِح","mbariH","Yesterday"
"5","أوَّل","aooooal","مْبارِح The day before yesterday"
"5","مْبارِح","mbariH","أوَّل  The day before yesterday"
"5","اليوم","il-eeoom","Today"
"5","بُكرَا","bookra","Tomorrow"
"5","بَعد","ba3d","بُكرا The day after tomorrow"
"5","بُكرا","bookra","بَعد  The day after tomorrow"
"5","صُبح","SoobH","Morning"
"5","مَسا","masa","Evening"
"5","لَيل","layl","Nighttime"
"5","لَيلة","layla","Night"
"5","المَسَا","il-masa","This evening"
"6","بَيت","bayt","House"
"6","دَار","dar","Home"
"6","باب","bab","Door"
"6","كُرسي","koorsee","Chair"
"6","فُرن","foorn","Oven"
"6","مِفتاح","miftaH","Key"
"6","الأحَد","il-aHad","Sunday"
"6","الإتنَين","il-itnayn","Monday"
"6","التَلاتة","it-talata","Tuesday"
"6","الأربِعاء","il-arbi3a2","Wednesday"
"6","الخَميس","il-khamees","Thursday"
"6","تلفزيون","tlfzeeoon","Television"
"6","الجُمعة","il-joom3a","Friday"
"6","السَبت","is-sabt","Saturday"
"6","تَخت","takht","Bed"
"6","حَمّام","Hammam","Bathroom"
"6","عَيلِة","3aylia","Family"
"6","أهِل","ahil","Family / people"
"6","إِمّ","imm","Mother"
"6","أَب","ab","Father"
"6","وَلَد","walad","Boy"
"6","إِبِن","ibin","Son"
"6","بِنت","bint","Daughter, woman"
"6","شَقّة","shaqqa","Flat; appartment"
"6","أُخت","ookht","Sister"
"6","أَخ","akh","Brother"
"6","مَطبَخ","maTbakh","Kitchen"
"6","ولاد","wlad","Children"
"6","زُوج","zooj","Husband (Often pronounced جوز)"
"6","زُوجة","zooja","Wife"
"6","مَقهى","maqha","Cafe, coffee shop"
"6","فطور","fToor","Breakfast"
"6","غدا","ghda","Lunch"
"6","عشا","3sha","Dinner"
"6","شوربة","shoorba","Soup"
"6","قَهوة","qahooa","Coffee"
"6","شاي","shaee","Tea"
"6","مَي","may","Water"
"6","حَليب","Haleeb","Milk"
"6","سَمَك","samak","Fish"
"6","لَحمة","laHma","Meat"
"6","زَيت","zayt","Oil"
"6","زَيتون","zaytoon","Olives"
"6","لوز","looz","Almonds"
"6","رُزّ","roozz","Rice"
"6","سُكَّر","sookkar","Sugar"
"6","مَلح","malH","Salt"
"6","خُبز","khoobz","Bread"
"6","جِبنة","jibna","Cheese"
"6","لَبن","labn","Yoghurt"
"7","بَيض","bayD","Egg"
"7","فَواكي","fawakee","Fruit"
"7","تُفّاح","tooffaH","Apple"
"7","موز","mooz","Banana"
"7","لَيمون","laymoon","Lemon"
"7","بَطّيخ","baTTeekh","Watermelon"
"7","تَين","tayn","Figs"
"7","خُضَر","khooDar","Vegetables"
"7","بَطاطا","baTaTa","Potato"
"7","جِزر","jizr","Carrot"
"7","بَصل","baSl","Onion"
"7","تومة","tooma","Garlic"
"7","فِنجان","finjan","Cup"
"7","زَهِر","zahir","Cauliflower"
"7","كاسة","kasa","Drinking glass"
"7","بَندورة","bandoora","Tomato"
"7","صَحن","SaHn","Plate"
"7","دُكتور","dooktoor","Doctor"
"7","وَجع","waj3","Pain"
"7","شَمس","shams","Sun"
"7","قَمر","qamr","Moon"
"7","شَجَرة","shajara","Tree"
"7","وَقت","waqt","Time"
"7","وَرد","ward","Flower"
"7","تاكسي","taksee","Taxi"
"7","سَيارة","sayara","Car"
"7","فَصل","faSl","Season (time of year)"
"7","رَبيع","rabee3","Spring"
"7","باص","baS","Bus"
"7","صَيف","Sayf","Summer"
"7","خَريف","khareef","Autumn"
"7","شِتا","shita","Winter"
"7","طَيارة","Tayara","Aeroplane"
"7","صِفر","Sifr","Zero"
"7","واحَد","waHad","One"
"7","إتنِين","itnin","Two"
"7","تَلاتة","talata","Three"
"7","أَربَعة","arba3a","Four"
"7","خَمسة","khamsa","Five"
"7","سِتّة","sitta","Six"
"7","سَبعة","sab3a","Seven"
"7","تَمانِية","tamania","Eight"
"7","تِسعة","tis3a","Nine"
"7","عَشرة","3ashra","Ten"
"7","مَرة","mara","Woman"
"7","رَجُل","rajool","Man"
"7","ناس","nas","People"
"7","لَعِب","la3ib","To play"
"7","زَعِل","za3il","To become upset"
"7","حَلِم","Halim","To dream"
"8","نَزِل","nazil","To go down"
"8","تَعِب","ta3ib","To become tired"
"8","فَتَح","fataH","To open"
"8","بَعَث","ba3ath","To send"
"8","دَفَع","dafa3","To pay"
"8","مَزَح","mazaH","To joke"
"8","كَرِه","karih","To hate"
"8","طَلِع","Tali3","To go up / rise"
"8","نَفَع","nafa3","To benefit / be of use to"
"8","سَرَق","saraq","To steal"
"8","شَكَر","shakar","To thank"
"8","طَبَخ","Tabakh","To cook"
"8","طَلَب","Talab","To ask for / order / request"
"8","رَسَم","rasam","To draw"
"8","فاق","faq","To wake up"
"8","زار","zar","To visit"
"8","جاع","ja3","To become hungry"
"8","ذاق","dhaq","To taste"
"8","بَكى","baka","To cry"
"8","نَوى","nawa","To intend"
"8","لَفّ","laff","To turn / wrap / roll / tour"
"8","رَنّ","rann","To phone / ring"
"8","شَمّ","shamm","To smell"
"8","قَحّ","qaHH","To cough"
"8","وَصِل","waSil","To arrive"
"8","اسْتَنّا","astanna","To wait"
"8","غَيَّر","ghayyar","To change"
"8","جَرَّب","jarrab","To try / attempt"
"8","كَذَّب","kadhdhab","To lie"
"8","سَكَّر","sakkar","To close"
"8","وَقَّف","waqqaf","To stop"
"8","بَلَّش","ballash","To start"
"8","خَلَّص","khallaS","To finish"
"8","خَرَّب","kharrab","To ruin / mess up"
"8","عَلَّم","3allam","To teach"
"8","نَظَّف","naZZaf","To clean"
"8","صَوَّر","Sawwar","To photograph"
"8","قَرَّر","qarrar","To decide"
"8","رَكَّز","rakkaz","To concentrate / focus"
"8","خَلَّى","khallaa","To allow / let"
"8","صَلَّى","Sallaa","To pray"
"8","غَنَّى","ghannaa","To sing"
"8","خَبَّى","khabbaa","To hide"
"8","فَرْجَى","farjaa","To show"
"8","سافَر","safar","To travel"
"8","تَخَيَّل","takhayyal","To imagine"
"8","تَنَفَّس","tanaffas","To breathe"
"8","تَفَرَّج","tafarraj","To watch"
"8","تَطَلَّع","taTalla3","To look at"
"8","تَأَخَّر","taakhkhar","To be late"
"9","تَمَنّى","tamanna","To wish / hope"
"9","ابْتَسَم","abtasam","To smile"
"9","اخْتار","akhtar","To choose / pick"
"9","اشْتاق","ashtaq","To miss / long for"
"9","ارْتاح","artaH","To rest"
"9","فَلَسطين","falasTeen","Palestine"
"9","بَلَد","balad","Country"
"9","حال","Hal","Situation / condition"
"9","سياسة","seeasa","Politics"
"9","دَولة","dawla","State"
"9","حَكومة","Hakooma","Government"
"9","رَئيس","ra2ees","president"
"9","أرض","arD","Land"
"9","حَدود","Hadood","Border"
"9","دين","deen","Religion"
"9","حُرّية","Hoorreea","Freedom"
"9","مَدرَسة","madrasa","School"
"9","مُعَلِّم","moo3allim","Teacher"
"9","طالِب","Talib","Student"
"9","دَرس","dars","Class"
"9","كِتاب","kitab","Book"
"9","قانون","qanoon","Law"
"9","قَلم","qalm","Pen"
"9","حَق","Haq","Right"
"9","دَفتِر","daftir","Notebook"
"9","لُغة","loogha","Language"
"9","مَحَلّ","maHall","Shop"
"9","سَعر","sa3r","Price"
"9","حَرب","Harb","War"
"9","سَلام","salam","Peace"
"9","رياضة","reeaDa","Sport"
"9","كُرة","koora","قَدم Football"
"9","قَدم","qadm","كُرة  Football"
"9","سِباحة","sibaHa","Swimming"
"9","هَداك","hadak","That"
"9","هَديك","hadeek","That (fem.)"
"9","هَدُولاك","hadoolak","That (plur.)"
"9","خَفِيف","khafif","Light (Weight)"
"9","بَطِيء","baTi2","Slow"
"9","سَرِيع","sari3","Fast"
"9","بَس","bas","But"
"9","لَو","law","If (usually used in past tense)"
"9","إذا","idha","If / whether"
"9","ضَيِق","Dayiq","Narrow / Tight"
"9","كَمان","kaman","Also"
"9","عَرِيض","3ariD","Wide / Broad"
"9","لَمّا","lamma","When"
"9","صَعِب","Sa3ib","Difficult"
"9","سَهِل","sahil","Easy"
"9","رَخِيص","rakhiS","Cheap"
"9","غالِي","ghali","Expensive"
"10","بارِد","barid","Cold"
"10","شَوب","shawb","Hot"
"10","سَلَّم","sallam","To greet"
"10","ضاوي","Daooee","Light"
"10","وَدَّع","wadda3","To say goodbye to"
"10","هادي","hadee","Quiet"
"10","عالي","3alee","Loud"
"10","سَيء","say2","Bad"
"10","منِيح","mniH","Good"
"10","ضايَق","Dayaq","To annoy / bother"
"10","تَضايَق","taDayaq","To be annoyed"
"10","مِتحَمِّس","mitHammis","Excited"
"10","فَخُور","fakhoor","Proud...ب"
"10","تَعِيس","ta3is","Miserable"
"10","مِن","min","From / of / since"
"10","مِتزَعِج","mitza3ij","Annoyed"
"10","حَتَّى","Hattaa","Until"
"10","مِتضايِق","mitDayiq","Bothered"
"10","بِدُون","bidoon","Without (with an absence of)"
"10","مِتفاجئ","mitfaj2","Surprised"
"10","عَن","3an","About"
"10","قَلقان","qalqan","Worried...على"
"10","تَرَك","tarak","To leave"
"10","زَيّ","zayy","Like"
"10","خَجلان","khajlan","Embarrassed / ashamed"
"10","شَرَح","sharaH","To explain"
"10","مِستَحِي","mistaHi","Shy / ashamed"
"10","خَسِر","khasir","To lose"
"10","فاز","faz","To win"
"10","غَلَب","ghalab","To beat / win against"
"10","باس","bas","To kiss"
"10","عَلَى","3alaa","On, Above"
"10","بَرَّا","barra","Outside"
"10","جُوَّا","jooa","Inside"
"10","فَوق","fawq","Up, above"
"10","تَحت","taHt","Under, Below"
"10","هَلَّأ","hallaa","Now"
"10","قَبل","qabl","Before"
"10","بَعد","ba3d","After"
"10","بَعدَين","ba3dayn","Later"
"10","شَلَح","shalaH","To take off (clothes)"
"10","لَبِس","labis","To wear (clothes)"
"10","دُغري","dooghree","Straight on"
"10","مِتعَلِّم","mit3allim","Educated"
"10","كِذّاب","kidhdhab","Liar"
"10","رايح","raeeH","Going"
"10","جاي","jaee","Coming"
"10","عارِف","3arif","Knowing"
"10","سايق","saeeq","Driving"
"10","طالِع","Tali3","Going out/Leaving"
"11","واقِف","waqif","Standing"
"11","حامِل","Hamil","Carrying/Pregnant"
"11","ماشي","mashee","Walking"
"11","شايف","shaeef","Seeing"
"11","قاعِد","qa3id","Sitting"
"11","سامِع","sami3","Hearing"
"11","فاهِم","fahim","Understanding"
"11","فَعَل","fa3al","To do"
"11","عَزَم","3azam","To invite"
"11","حَجَز","Hajaz","To book / reserve"
"11","غَلِط","ghaliT","To make a mistake"
"11","حَفِظ","HafiZ","To memorize"
"11","قَبِل","qabil","To accept"
"11","نَجِح","najiH","To succeed in"
"11","رَكِب","rakib","To ride"
"11","سَحَب","saHab","To pull out / withdraw"
"11","قَطَف","qaTaf","To harvest / gather / pick"
"11","نَسَب","nasab","To relate to / correlate with"
"11","عَبَر","3abar","To cross / traverse"
"11","قَتَل","qatal","To kill"
"11","رَقَص","raqaS","To dance"
"11","عَبَد","3abad","To worship"
"11","رَكَض","rakaD","To run"
"11","طار","Tar","To fly"
"11","قام","qam","To remove"
"11","عاد","3ad","To repeat"
"11","فات","fat","To enter into"
"11","ساق","saq","To drive"
"11","جَلى","jala","To wash (dishes e.t.c.)"
"11","ضَوى","Dawa","To light up / turn on"
"11","طَفى","Tafa","To turn off / extinguish"
"11","صَبّ","Sabb","To pour"
"11","طَخّ","Takhkh","To shoot"
"11","كَبّ","kabb","To throw away / spill"
"11","اسْتَخْدَم","astakhdam","To use"
"11","عَصَّب","3aSSab","To become angry"
"11","زَعَّل","za33al","To upset"
"11","نَزَّل","nazzal","To put down / drop off / download"
"11","طَلَّع","Talla3","To take out / bring out"
"11","خَوَّف","khawwaf","To frighten / scare"
"11","طَمَّن","Tamman","To fill in / reassure"
"11","صَدَّق","Saddaq","To believe / trust"
"11","ذَكَّر","dhakkar","To remind"
"11","صَلَّح","SallaH","To fix / repair"
"11","رَجَّع","rajja3","To return"
"11","صَحَّى","SaHHaa","To wake up"
"11","مَشَّى","mashshaa","To make walk (work)"
"11","شَتَّى","shattaa","To rain"
"11","تَزَوَّج","tazawwaj","To marry"
"11","مَسَك","masak","To grab"
"12","كَسَر","kasar","To break / smash"
"12","عَجَب","3ajab","To impress / amaze"
"12","حَبَس","Habas","To arrest / imprison"
"12","غَسَل","ghasal","To wash (your hands e.t.c.)"
"12","حَضِر","HaDir","To attend"
"12","قَطَع","qaTa3","To cut"
"12","اسْتَعْمَل","asta3mal","To use"
"12","عَبَّر","3abbar","To express"
"12","تَحَقَّق","taHaqqaq","To become achieved / realized"
"12","حَزَر","Hazar","To guess"
"12","عَمِل","3amil","To do / make"
"12","دَوَر","dawar","To search for"
"12","رَفَع","rafa3","To lift / raise"
"12","فَتَح","fataH","To be opened"
"12","جَمَع","jama3","To collect"
"12","مَنَع","mana3","To forbid / prohibit"
"12","طَلِع","Tali3","To turn out to be / appear"
"12","هَمَس","hamas","To whisper"
"12","حَلَق","Halaq","To cut (hair)"
"12","ثَلَج","thalaj","To be snowy"
"12","مَطَر","maTar","To be rainy"
"12","شَرَد","sharad","To flee / run away"
"12","رَبَط","rabaT","To tie up"
"12","زاد","zad","To increase"
"12","زاد","zad","To be increased"
"12","خاف","khaf","To be scared"
"12","غار","ghar","To be jealous of"
"12","دار","dar","To go around"
"12","عَنى","3ana","To mean"
"12","رَمى","rama","To throw"
"12","بَنى","bana","To build"
"12","شَرى","shara","To buy"
"12","ضَوى","Dawa","To become lit / bright"
"12","فَضِي","faDi","To become available / empty"
"12","فَضِي","faDi","To make time for"
"12","وَطِي","waTi","To be lowered (in volume)"
"12","رَضِي","raDi","To be pleased / satisfied"
"12","عَلِي","3ali","To arise / rise"
"12","عَدّ","3add","To count"
"12","سَبّ","sabb","To swear / use rude words"
"12","رَنّ","rann","To ring"
"12","حَلّ","Hall","To solve / resolve"
"12","مَرّ","marr","To pass by"
"12","شَكّ","shakk","To doubt"
"12","تَفّ","taff","To spit"
"12","بَدَأ","badaa","To begin"
"12","وَعَد","wa3ad","To promise"
"12","وَصَف","waSaf","To describe"
"12","وَقِع","waqi3","To fall / drop"
"12","وَثِق","wathiq","To trust"
"13","وَلِد","walid","To give birth"
"13","وَقِف","waqif","To stop"
"13","وَقِف","waqif","To stand up"
"13","وَقِف","waqif","To stop"
"13","رَتَّب","rattab","To tidy up"
"13","بَطَّل","baTTal","To quit"
"13","خَفَّف","khaffaf","To lighten / reduce"
"13","بَيَّن","bayyan","To appear / be visible"
"13","ضَبَّط","DabbaT","To correct / make right"
"13","نَكَّد","nakkad","To make someone annoyed"
"13","غَلَّب","ghallab","To inconvenience"
"13","عَلَّى","3allaa","To raise / turn up"
"13","وَطَّى","waTTaa","To turn down / lower (in volume)"
"13","قَضَّى","qaDDaa","To spend time"
"13","أَخَّر","akhkhar","To cause to be late"
"13","أَكَّد","akkad","To confirm"
"13","تَرْجَم","tarjam","To translate"
"13","وَشْوَش","washwash","To whisper"
"13","وَرْجَى","warjaa","To show (alternative pronunciation)"
"13","جادَل","jadal","To argue with"
"13","وافَق","wafaq","To agree with"
"13","تابَع","taba3","To follow"
"13","حاوَل","Hawal","To try / attempt"
"13","أَبْعَد","ab3ad","To move away from"
"13","أَسْلَم","aslam","To become muslim"
"13","أَفْطَر","afTar","To eat breakfast"
"13","أَدْمَن","adman","To become addicted"
"13","أَلْغى","algha","To cancel"
"13","أَنْهى","anha","To end"
"13","تَغَيَّر","taghayyar","To change"
"13","تَحَمَّس","taHammas","To be excited"
"13","تَحَمَّم","taHammam","To take a bath / shower"
"13","تَأَكَّد","taakkad","To make sure / confirm"
"13","تَحَسَّن","taHassan","To improve"
"13","تَغَدّى","taghadda","To eat lunch"
"13","تَعَشّى","ta3ashsha","To eat dinner"
"13","تَمَشّى","tamashsha","To go for a walk"
"13","تَخَبّى","takhabba","To hide oneself"
"13","تَجاهَل","tajahal","To ignore"
"13","تَظاهَر","taZahar","To pretend to do"
"13","تَصالَح","taSalaH","To make up with"
"13","انْوَلَد","anwalad","To be born"
"13","انْزَعَج","anza3aj","To be annoyed"
"13","اعْتَذَر","a3tadhar","To apologize"
"13","اعْتَرَف","a3taraf","To confess / admit"
"13","اكْتَشَف","aktashaf","To discover"
"13","اسْتَلَم","astalam","To receive"
"13","اسْتَوى","astawa","To become ripe / well cooked"
"13","اسْتَمَرّ","astamarr","To continue"
"13","اسْتَأْجِر","astaajir","To rent"
"14","بِلاد","bilad","الشام The Levant"
"14","الشام","ish-sham","بِلاد  The Levant"
"14","إسرائيل","isra2eel","Israel (Palestine)"
"14","سوريا","sooreea","Syria"
"14","لُبنان","loobnan","Lebanon"
"14","الأُردُن","il-oordoon","Jordan"
"14","العِراق","il-3iraq","Iraq"
"14","مَصر","maSr","Egypt"
"14","تونِس","toonis","Tunisia"
"14","الجزائر","il-jza2r","Algeria"
"14","أُروبّا","ooroobba","Europe"
"14","برِيطانيا","briTaneea","Britain"
"14","فرَنسا","fransa","France"
"14","ألمانيا","almaneea","Germany"
"14","روسيّا","rooseeeea","Russia"
"14","الصين","iS-Seen","China"
"14","الهِند","il-hind","India"
"14","أمريكا","amreeka","America (USA)"