Situation,Arabic,Transliteration,English
"Greetings","مَرحَبا","marHaba","Hellofunctional"
"Greetings","هَلَا","hala","Hi"
"Greetings","أهلاً وَ سَهلاً","ahlan wa sahlan","Welcome"
"Greetings","أهلاً فيك","ahlan feek","Welcome to you too!"
"Greetings","السَلامُ عَلَيكُم","is-salamoo 3alaykoom","Hello (formal)"
"Greetings","و عَلَيكُم السَلام","w 3alaykoom is-salam","Reply (formal)"
"Greetings","إشتَقتِلَك","ishtaqtilak","I missed you"
"Greetings","زَمان عَنَّك!","zaman 3annak!","It's been a while!"
"Greetings","صَباح الخير","SabaH il-kheer","Good morning"
"Greetings","صَباح النّور","SabaH in-nnoor","Good morning (reply)"
"Greetings","مَساء الخير","masa2 il-kheer","Good evening"
"Greetings","مَساء النّور","masa2 in-nnoor","Good evening (reply)"
"Greetings","شو إسمَك؟","shoo ismak?","What's your name"
"Greetings","أنا إسمي ...","ana ismee","My name is ..."
"Greetings","مِن وَين إنت؟","min wayn int?","Where are you from?"
"Greetings","أنا مِن ...","ana min","I'm from ...32 options"
"Greetings","قَدَيش عُمرَك؟","qadaysh 3oomrak?","How old are you?"
"Greetings","أنا عُمري ...","ana 3oomree","My age is ..."
"Greetings","تُصبَح عَلَى خير","tooSbaH 3alaa kheer","Good night"
"Greetings","تلاقي خير","tlaqee kheer","Good night (reply)"
"Greetings","مَع السَلامة","ma3 is-salama","Good bye"
"Greetings","أللَّه مَعَك","alllah ma3ak","Goodbye (reply)"
"Greetings","خاترَك","khatrak","Good bye (formal)"
"Greetings","تشَرَفنا","tsharafna","Nice to meet you"
"Greetings","دير بالَك","deer balak","Take care"
"General","آه","aah","Yes Functional"
"General","لا","la","No Functional"
"General","لَو سمَحت","law smaHt","Please"
"General","شُكراً","shookran","Thank you Functional"
"General","يسلَم إيديك","yslam ieedeek","Thank you (bless your hands)"
"General","العَفو","il-3afoo","You're welcome"
"General","عَفواً","3afooan","Excuse me"
"General","آسِف","aasif","Sorry"
"General","تَعال هون","ta3al hoon","Come here"
"General","إبعِد مِن هون","ib3id min hoon","Go away"
"General","بتَحكي إنغليزي؟","btaHkee inghleezee?","Do you speak English?"
"General","أنا بَحكي عَربي","ana baHkee 3arbee","I speak Arabic"
"General","أنا ما بَحكي عَربي منيح","ana ma baHkee 3arbee mneeH","I don't speak Arabic well"
"General","شوَي","shway","A little Adjective"
"General","كتير","kteer","A lot Adjective"
"General","فهِمت؟","fhimt?","Did you understand?"
"General","اه أنا فهِمت","ah ana fhimt","Yes I understand"
"General","لا أنا ما فهِمت","la ana ma fhimt","No I didn't understand"
"General","إحكي شوَي شوَي","iHkee shway shway","Speak slowly"
"General","مُمكِن تعِيدها","moomkin t3idha","Can you repeat that?"
"General","مُمكِن تُكتُبه؟","moomkin tooktoobh?","Can you write that down?"
"General","في حَدا بيَحكي إنغليزي هون؟","fee Hada byaHkee inghleezee hoon?","Is there someone here who speaks English?"
"About Me","أنا إسمي ...","ana ismee","My name is ..."
"About Me","أنا مِن ...","ana min","I'm from ... 32 options"
"About Me","أنا ساكِن في ...","ana sakin fee","I live in ... 32 options"
"About Me","أنا عُمري ...","ana 3oomree","My age is ... 8 options"
"About Me","أنا بَشتَغِل ...","ana bashtaghil","I work as a ... 10 options"
"About Me","أنا بُدرُس","ana boodroos","I study ..."
"About Me","أنا دَرَست ...","ana darast","I studied ..."
"About Me","أنا بَحِبّ","ana baHibb","I like ..."
"About Me","أنا إنوَلَدت في ...","ana inwaladt fee","I was born in ... 32 options"
"About Me","أنا عِندي ... إخوة و ... خَوات","ana 3indee ikhooa w khawat","I have ... brothers and ... sisters 12 options"
"About Me","أنا هِوايَتي ...","ana hiooayatee","My hobby is ..."
"About Me","الأكل المُفَضَّل هوَّ ...","il-akl il-moofaDDal hooooa","My favourite food is ..."
"About Me","أنا بَحكي ...","ana baHkee","I can speak ..."
"About Me","أنا عِندي ...","ana 3indee","I have got ..."
"About Me","أنا ...","ana","I am ... (physical appearance)"
"About Me","أنا ...","ana","I am ... (religion) 4 options"
"About Me","أنا ...","ana","I am ... (personality) 15 options"
"About Me","مُسلِم","mooslim","Muslim Noun"
"About Me","مَسيحي","maseeHee","Christian Noun"
"About Me","يَهودي","yahoodee","Jewish Noun"
"About Me","بِلا دين","bila deen","Atheist"
"About Me","نَشيط","nasheeT","Energetic Adjective"
"About Me","كَسول","kasool","Lazy"
"About Me","أمين","ameen","Faithful Adjective"
"About Me","مِزاجِيّ","mizaji","Moody Adjective"
"About Me","إجتِماعي","ijtima3ee","Sociable Adjective"
"About Me","هادي","hadee","Quiet Functional"
"About Me","مَوهوب","mawhoob","Talented Adjective"
"About Me","كَريم","kareem","Generous Adjective"
"About Me","أناني","ananee","Selfish Adjective"
"About Me","مِتسامِح","mitsamiH","Tolerant Adjective"
"About Me","مُحافِظ","mooHafiZ","Conservative Noun"
"About Me","عَنيد","3aneed","Stubborn Adjective"
"About Me","حَكيم","Hakeem","Wise Adjective"
"About Me","شُجاع","shooja3","Brave Adjective"
"About Me","جَبّان","jabban","Cowardly Adjective"
"Conversation","كيف حالَك؟","keef Halak?","How are you?"
"Conversation","أنا ...","ana","I'm ... 6 options"
"Conversation","و إنتَ؟","w inta?","And you?"
"Conversation","شو عِمِلت اليوم؟","shoo 3imilt il-eeoom?","What did you do today?"
"Conversation","شو الأخبار؟","shoo il-akhbar?","What's new?"
"Conversation","منِيح","mniH","Good Adjective"
"Conversation","تَمام","tamam","Ok"
"Conversation","سَيء","say2","Bad Adjective"
"Conversation","مَبسُوط","mabsooT","Happy Adjective"
"Conversation","زَعلان","za3lan","Unhappy Adjective"
"Conversation","شو الأخبار؟","shoo il-akhbar?","What's new?"
"Conversation","ال","al","The Functional"
"Conversation","وُ","woo","And Functional"
"Conversation","وَلا","wala","Or Functional"
"Conversation","مُمكِن","moomkin","Maybe Functional"
"Conversation","في ...؟","fee ...?","Is there ...?"
"Conversation","اه في","ah fee","Yes there is"
"Conversation","لا ما في","la ma fee","No there isn't"
"Conversation","كُلّشي","koollshee","Everything"
"Conversation","كتير","kteer","Very Adjective"
"Conversation","شوَي","shway","A little Adjective"
"Conversation","كَمان","kaman","Also Functional"
"Conversation","شو بِدَّك؟","shoo biddak?","What do you want?"
"Conversation","أنا بِدّي ...","ana biddee","I want ..."
"Conversation","شو بِدَّك تاكُل؟","shoo biddak takool?","What do you want to eat?"
"Conversation","أنا بِدّي آكُل","ana biddee aakool","I want to eat ..."
"Conversation","شو بِدَّك تَعمِل؟","shoo biddak ta3mil?","What do you want to do?"
"Conversation","أنا بِدّي أعمِل","ana biddee a3mil","I want to do ..."
"Conversation","شو بِدَّك تِلعِب؟","shoo biddak til3ib?","What do you want to play?"
"Conversation","أنا بِدّي ألعِب","ana biddee al3ib","I want to play ..."
"Conversation","مين بِدَّك تشوف؟","meen biddak tshoof?","Who do you want to see?"
"Conversation","أنا بِدّي أشوف","ana biddee ashoof","I want to see ..."
"Conversation","شو بِدَّك تُدرُس؟","shoo biddak toodroos?","What do you want to study?"
"Conversation","أنا بِدّي أُدرُس","ana biddee oodroos","I want to study ..."
"Conversation","مَع مين بِدَّك تَحكي؟","ma3 meen biddak taHkee?","Who do you want to speak with?"
"Conversation","أنا بِدّي أحكي مع ...","ana biddee aHkee m3","I want to speak with ..."
"Conversation","شو بِدَّك تَعمِل بُكرة","shoo biddak ta3mil bookra","What will you do tomorrow?"
"Conversation","شو بِدّنا نَعمِل بُكرة","shoo biddna na3mil bookra","What shall we do tomorrow?"
"Conversation","وَين بِدَّك تروح؟","wayn biddak trooH?","Where do you want to go?"
"Conversation","شو بِدَّك تاكُل","shoo biddak takool","What do you want to eat?"
"Conversation","شو بِدَّك تَعمِل","shoo biddak ta3mil","What do you want to do?"
"Conversation","إعطيني ...","i3Teenee","Give me ..."
"Conversation","أنا بَعطيك ...","ana ba3Teek","I give you ..."
"Numbers","صِفر","Sifr","Zero Noun"
"Numbers","واحَد","waHad","One Noun"
"Numbers","إتنِين","itnin","Two Noun"
"Numbers","تَلاتة","talata","Three Noun"
"Numbers","أَربَعة","arba3a","Four Noun"
"Numbers","خَمسة","khamsa","Five Noun"
"Numbers","سِتّة","sitta","Six Noun"
"Numbers","سَبعة","sab3a","Seven Noun"
"Numbers","تَمانِية","tamania","Eight Noun"
"Numbers","تِسعة","tis3a","Nine Noun"
"Numbers","عَشرة","3ashra","Ten Noun"
"Numbers","عَشرين","3ashreen","Twenty Noun"
"Numbers","تلاتين","tlateen","Thirty Noun"
"Numbers","أربَعين","arba3een","Forty"
"Numbers","خَمسين","khamseen","Fifty"
"Numbers","سِتّين","sitteen","Sixty"
"Numbers","سَبعين","sab3een","Seventy"
"Numbers","تَمَنين","tamaneen","Eighty"
"Numbers","تِسعين","tis3een","Ninety"
"Numbers","ميّة","meeeea","One hundred"
"Numbers","مئتين","m2teen","Two hundred Noun"
"Numbers","تَلَت ميّة","talat meeeea","Three hundred"
"Numbers","ألف","alf","One thousand"
"Numbers","ألفَين","alfayn","Two thousand"
"Numbers","واحَد","waHad","One (m) Noun"
"Numbers","وَحَدة","waHada","One (f)"
"Numbers","ثنين","thneen","Two (m) Noun"
"Numbers","تنتين","tnteen","Two (f) Noun"
"Numbers","تَلَت","talat","Three"
"Numbers","أربع","arb3","Four Noun"
"Numbers","خمس","khms","Five Noun"
"Numbers","ست","st","Six Noun"
"Numbers","سبع","sb3","Seven Noun"
"Numbers","تَمَن","taman","Eight"
"Numbers","تسع","ts3","Nine Noun"
"Numbers","عشر","3shr","Ten Noun"
"Directions & Places","وَين ال... ؟","wayn il-... ?","Where is the ... ? 6 options"
"Directions & Places","بِدّي أروح عَلى ال...","biddee arooH 3ala il-...","I want to go to the ... 6 options"
"Directions & Places","هادا الطَريق ل...؟","hada iT-Tareeq l...?","Is this the way to ...?"
"Directions & Places","مُمكِن بِتفُرجيني عالخَريطة","moomkin bitfoorjeenee 3alkhareeTa","Can you show me on the map?"
"Directions & Places","شو العَنوان","shoo il-3anooan","What's the address?"
"Directions & Places","قَدَّيش هو بَعيد مِن هون؟","qaddaysh hoo ba3eed min hoon?","How far is it from here?"
"Directions & Places","كيف بوصِل هُناك؟","keef booSil hoonak?","How do I get there?"
"Directions & Places","كَمِّل دُغري","kammil dooghree","Continue straight ahead"
"Directions & Places","خُد الشمال","khood ish-shmal","Take the left"
"Directions & Places","خُد اليمين","khood il-eemeen","Take the right"
"Directions & Places","خُد الشمال بَعد البَنك","khood ish-shmal ba3d il-bank","Take the left after the bank"
"Directions & Places","شمال","shmal","Left"
"Directions & Places","يمين","ymeen","Right"
"Directions & Places","دُغري","dooghree","Straight ahead Adjective"
"Directions & Places","قُدَّام","qooddam","In front of Functional"
"Directions & Places","وَراء","wara2","Behind Functional"
"Directions & Places","قَبل","qabl","Before Functional"
"Directions & Places","بَعد","ba3d","After Functional"
"Directions & Places","جَنب","janb","Next to Functional"
"Directions & Places","شمال","shmal","North"
"Directions & Places","شَرق","sharq","East"
"Directions & Places","جَنوب","janoob","South"
"Directions & Places","غَرب","gharb","West"
"Directions & Places","فَوق ال ...","fawq al","Above the ..."
"Directions & Places","تَحت ال ...","taHt al","Below the ..."
"Directions & Places","قَريب مِن","qareeb min","Close to"
"Directions & Places","بَعيد مِن","ba3eed min","Far from"
"Directions & Places","قَريب مِن هون","qareeb min hoon","Near here"
"Directions & Places","بَعيد مِن هون","ba3eed min hoon","Far from here"
"Directions & Places","هُوَّ قَريب مِن هون؟","hooa qareeb min hoon?","Is it near here?"
"Directions & Places","عالزاوية","3alzaooeea","On the corner"
"Directions & Places","هون","hoon","Here Functional"
"Directions & Places","هُناك","hoonak","There Functional"
"Directions & Places","غاد","ghad","Over there"
"Directions & Places","قَدَيش هُوَّ بَعيد مِن هون؟","qadaysh hooa ba3eed min hoon?","How far is it from here?"
"Directions & Places","دَقيقتَين عالمَشي","daqeeqtayn 3almashee","Two minutes by walking"
"Directions & Places","إعبِر الشارِع","i3bir ish-shari3","Cross the street"
"Directions & Places","مَدينة","madeena","City Noun"
"Directions & Places","قُرية","qooreea","Village"
"Directions & Places","مَركِز المَدينة","markiz il-madeena","Center of town"
"Directions & Places","بَريد","bareed","Post office"
"Directions & Places","بَنك","bank","Bank Noun"
"Directions & Places","سوق","sooq","Market Noun"
"Transportation","مَكتَب التَذاكِر","maktab it-tadhakir","The ticket office"
"Transportation","مِن وَين بَشتَري التَذكِرة؟","min wayn bashtaree it-tadhkira?","Where can I buy a ticket?"
"Transportation","قَدَّيش التَذكِرة","qaddaysh it-tadhkira","How much is a ticket?"
"Transportation","ما عِندي تَذكِرة","ma 3indee tadhkira","I don't have a ticket"
"Transportation","بِدّي تَذكِرة","biddee tadhkira","I need a ticket"
"Transportation","لازِم أحجِز مَقعَد؟","lazim aHjiz maq3ad?","Do I need to reserve a seat?"
"Transportation","بِدّي ألغي التَذكِرة","biddee alghee it-tadhkira","I want to cancel the ticket"
"Transportation","بِدّي أغَيِّر التَذكِرة","biddee aghayyir it-tadhkira","I want to change the ticket"
"Transportation","بِدّي آخُد التَذكِرة","biddee aakhood it-tadhkira","I want to take the ticket"
"Transportation","إتِجاه واحِد","itijah waHid","One way"
"Transportation","عَودة","3awda","Return"
"Transportation","رِحلة","riHla","Trip Noun"
"Transportation","مَتى بِطلَع؟","mata biTla3?","When does it leave?"
"Transportation","أنا بَركَب ال...","ana barkab il-...","I ride the ... 5 options"
"Transportation","هادا ال... ل..؟","hada il-... l..?","Is this the ... to ..? 5 options"
"Transportation","أيش هادي المَحَطّة؟","aeesh hadee il-maHaTTa?","Which stop is this?"
"Transportation","بِوَقِّف عِند ...","biwaqqif 3ind","Does it stop at ..."
"Transportation","بِوَقِّف بِ ...","biwaqqif bi","Does it stop in ...?"
"Transportation","نَزِّلني هون","nazzilnee hoon","Let me off here"
"Transportation","هادا الكُرسي فاضي؟","hada il-koorsee faDee?","Is this seat free?"
"Transportation","هداك الكُرسي إلي","hdak il-koorsee ilee","That seat is mine"
"Transportation","كَم ساعة بتاخُد الرِحلة؟","kam sa3a btakhood ir-riHla?","How long does the journey take?"
"Transportation","الطَريق مُباشِر؟","iT-Tareeq moobashir?","Is it a direct route?"
"Transportation","باص","baS","Bus Noun"
"Transportation","قطار","qTar","Train Noun"
"Transportation","سَيارة","sayara","Car Noun"
"Transportation","طَيارة","Tayara","Plane Noun"
"Transportation","سَفينة","safeena","Boat Noun"
"Transportation","بِدّي تَكسي","biddee taksee","I want a taxi"
"Transportation","وَين التَكاسي؟","wayn it-takasee?","Where are the taxis?"
"Transportation","قَدَّيش الإجرة ل...؟","qaddaysh il-ijra l...?","How much is it to ...?"
"Transportation","وَصِّلني عند (هادا العَنوان)","waSSilnee 3nd (hada il-3anooan)","Take me to (this address)"
"Transportation","شَغِّل العَدّاد لَوسَمحت","shaghghil il-3addad lawsamHt","Put the meter on please"
"Transportation","وَقِّف هون","waqqif hoon","Stop here"
"Transportation","إستَنى هون دَقيقة","istana hoon daqeeqa","Wait here a minute"
"Transportation","بِدّي أستأجِر سَيارة","biddee astajir sayara","I want to rent a car"
"Transportation","... مع سائق","m3 sa2q","... with a driver"
"Transportation","بِالمُكَيِّف","bialmookayyif","... with air conditioning"
"Transportation","قَدَّيش الإجرة ليوم؟","qaddaysh il-ijra leeoom?","How much daily?"
"Transportation","قَدَّيش الإجرة لأُسبوع؟","qaddaysh il-ijra loosboo3?","How much weekly?"
"Transportation","بِدّي ميكانيكي","biddee meekaneekee","I need a mechanic"
"Transportation","خَلَص البَنزين بِالسَيارة","khalaS il-banzeen bialsayara","I've run out of petrol"
"Transportation","العَجل السَيارة ما فيه هَوا","il-3ajl is-sayara ma feeh hawa","I have a flat tyre"
"Transportation","محَطة","mHaTa","Station Noun"
"Transportation","محَطّة الباص","mHaTTa il-baS","Bus station"
"Transportation","محَطّة القطار","mHaTTa il-qTar","Train station"
"Transportation","مَطار","maTar","Airport Noun"
"Eating Out","في ... ؟","fee ?","Is there ... ? 14 options"
"Eating Out","بِدّي ...","biddee","I would like ... 14 options"
"Eating Out","بِدّي طَولة ل...","biddee Tawla l...","I want a table for ... (people) 10 options"
"Eating Out","أَكِل","akil","Food Noun"
"Eating Out","شو تَنصِحني؟","shoo tanSiHnee?","What do you recommend me?"
"Eating Out","بِدّي أُطلُب أكل","biddee ooTloob akl","I would like to order food"
"Eating Out","أنا ما باكُل لَحمة","ana ma bakool laHma","I don't eat meat"
"Eating Out","عِندي حَساسية مِن ...","3indee Hasaseea min","I've an allergy to ... 4 options"
"Eating Out","بِدّي إياه مَع ...","biddee ieeah ma3","I want it with ..."
"Eating Out","بِدّي إياه بِدون ...","biddee ieeah bidoon","I want it without ..."
"Eating Out","لِلسَفِرة","lilsafira","For take away"
"Eating Out","وَجبة","wajba","Dish (portion) Noun"
"Eating Out","لِلسَفِرة","lilsafira","For take away"
"Eating Out","بِدّي ال... لَو سمَحت","biddee il-... law smaHt","I'd like the ... please 4 options"
"Eating Out","حُمُّص","HoommooS","Hummus"
"Eating Out","فَلافَل","falafal","Falafel"
"Eating Out","فول","fool","Fool (beans) Noun"
"Eating Out","سَلَطة","salaTa","Salad Noun"
"Eating Out","مُتَبَّل","mootabbal","Mutabal"
"Eating Out","بابا غانوش","baba ghanoosh","Baba ghanoush"
"Eating Out","تَبولة","taboola","Tabooleh"
"Eating Out","مَقلوبة","maqlooba","Maqloobeh"
"Eating Out","وَرَق عِنب","waraq 3inb","Stuffed grape leaves"
"Eating Out","مَنسَف","mansaf","Mansaf"
"Eating Out","كِبّة","kibba","Kibbeh"
"Eating Out","مسَخَّن","msakhkhan","Msakhan"
"Eating Out","أُوزي","oozee","Oozi"
"Eating Out","مَناقيش","manaqeesh","Manaqeesh"
"Eating Out","فطور","fToor","Breakfast Noun"
"Eating Out","غدا","ghda","Lunch Noun"
"Eating Out","عشا","3sha","Dinner Noun"
"Eating Out","حِساب","Hisab","Bill Noun"
"Eating Out","قائمة المَشروبات","qa2ma il-mashroobat","Drinks list"
"Eating Out","مينيو","meeneeoo","Menu"
"Eating Out","وَجبة الخاصة","wajba il-khaSa","Speciality dish"
"Eating Out","مَقهى","maqha","Café Noun"
"Eating Out","مَطعَم","maT3am","Restaurant Noun"
"Eating Out","مَطعَم شَعبي","maT3am sha3bee","Local restaurant"
"Eating Out","مَطعَم راقي","maT3am raqee","Fancy restaurant"
"Eating Out","بار","bar","Bar"
"Eating Out","حَلال","Halal","Halal Adjective"
"Eating Out","نَباتي","nabatee","Vegetarian Noun"
"Eating Out","كوشر","kooshr","Kosher"
"Eating Out","فيغان","feeghan","Vegan"
"Eating Out","الألبان","il-alban","Dairy produce"
"Eating Out","الغلوتين","il-ghlooteen","Gluten"
"Eating Out","المُكَسَرات","il-mookasarat","Nuts"
"Eating Out","الأكل البَحَري","il-akl il-baHaree","Seafood"
"Shopping","وَين ...؟","wayn ...?","Where's a ...? 9 options"
"Shopping","كَم السَعر؟","kam is-sa3r?","What's the price?"
"Shopping","قَدَيش سَعرُه؟","qadaysh sa3rooh?","How much does it cost?"
"Shopping","هادا غالي","hada ghalee","That's expensive"
"Shopping","هادا رخيص","hada rkheeS","That's cheap"
"Shopping","في عِندَك ... ؟","fee 3indak ?","Do you have any ... ?"
"Shopping","بِدّي ... لَو سمَحت","biddee law smaHt","I'd like ... please 4 options"
"Shopping","مُمكِن بَدفع ...؟","moomkin badf3 ...?","Can I pay with ...? 3 options"
"Shopping","ما عِندي فراطا","ma 3indee fraTa","I don't have any change"
"Shopping","مَعي بَس ... ليرا","ma3ee bas leera","I only have ... lira 18 options"
"Shopping","بدَوِّر عَلى ...","bdawwir 3ala","I'm looking for a ..."
"Shopping","فُرجيني إياه","foorjeenee ieeah","Show me it"
"Shopping","في غيرُه؟","fee gheerooh?","Do you have any others?"
"Shopping","هُوَّ خَربان","hooa kharban","It's broken"
"Shopping","بِدّي ...","biddee","I'd like ... (quantity) 5 options"
"Shopping","مَكتَبة","maktaba","Bookshop Noun"
"Shopping","مَحَلّ الكاميرات","maHall il-kameerat","Camera shop"
"Shopping","مَحَلّ المَنوعات","maHall il-manoo3at","Department store"
"Shopping","بَقالة","baqala","Grocery store Noun"
"Shopping","وكالة الأنباء","wkala il-anba2","Newsagency"
"Shopping","مَحَلّ التَذكارات","maHall it-tadhkarat","Souvenir shop"
"Shopping","سوبر ماركِت","soobr markit","Super market"
"Shopping","دُكّانة","dookkana","Small shop Noun"
"Shopping","مَحَلّ","maHall","Store Noun"
"Shopping","مَفتوح","maftooH","Open"
"Shopping","مسَكِّر","msakkir","Closed"
"Shopping","مَدخَل","madkhal","Entrance Noun"
"Shopping","مَخرَج","makhraj","Exit Noun"
"Shopping","إدفَع","idfa3","Push"
"Shopping","إسحَب","isHab","Pull"
"Shopping","مَمنوع","mamnoo3","Forbidden Adjective"
"Shopping","كيس","kees","A bag Noun"
"Shopping","الباقي","il-baqee","The change Noun"
"Shopping","وَصل","waSl","A receipt Noun"
"Shopping","إستِرداد مال","istirdad mal","A refund"
"Shopping","فَراطة","faraTa","Cash Noun"
"Shopping","كَرط","karT","Card"
"Shopping","شَيكات","shaykat","Cheques"
"Shopping","... غرام","ghram","... Grams 8 options"
"Shopping","... كيلو","keeloo","... Kilograms 10 options"
"Shopping","... ليتر","leetr","... Litres 10 options"
"Shopping","... قِطع","qiT3","... Pieces 12 options"
"Shopping","... شَرايح","sharaeeH","Slices 12 options"
"Accommodation","فُندُق","foondooq","Hotel Noun"
"Accommodation","نُزُل","noozool","Hostel"
"Accommodation","وَين أقرَب فُندُق؟","wayn aqrab foondooq?","Where's the nearest hotel?"
"Accommodation","بِدّي غُرفة لَلَيلة وَحدة","biddee ghoorfa lalayla waHda","I want a room for one night"
"Accommodation","غُرفة مُفَرِدة","ghoorfa moofarida","Single room"
"Accommodation","قَدَيش سَعر اللَيلة؟","qadaysh sa3r il-layla?","What's the price for one night?"
"Accommodation","قَدَيش سَعر الأُسبوع؟","qadaysh sa3r il-oosboo3?","What's the price for a week?"
"Accommodation","مُمكِن أشوف الغُرفة؟","moomkin ashoof il-ghoorfa?","Can I see the room?"
"Accommodation","تَمام باخُدها","tamam bakhoodha","Ok I'll take it"
"Accommodation","أنا عِندي حَجز","ana 3indee Hajz","I have a reservation"
"Accommodation","ما عِندي حَجز","ma 3indee Hajz","I don't have a reservation"
"Accommodation","أنا حَجَزت غُرفة بِإسم ...","ana Hajazt ghoorfa biism","I reserved a room in the name of ..."
"Accommodation","مَتى ساعة الخروج؟","mata sa3a il-khrooj?","What time is checkout?"
"Accommodation","بِدّي غُرفة تانية","biddee ghoorfa taneea","I want a different room"
"Accommodation","أنا نسيت مُفتاحي بِالغُرفة","ana nseet mooftaHee bialghoorfa","I forgot my key in the room"
"Accommodation","في وَيفَي بِالغُرفة؟","fee wayfay bialghoorfa?","Is there Wi-Fi in the room?"
"Accommodation","في حَمّام خاص؟","fee Hammam khaS?","Is there a private bathroom?"
"Accommodation","أيش كَلمة السِرّ لِلوَيفَي","aeesh kalma is-sirr lilwayfay","What's the Wi-Fi password"
"Time","قَدَّيش الساعة?","qaddaysh is-sa3a?","What's the time?"
"Time","ال...","il-...","It's ... 12 options"
"Time","ال... و نُص","il-... w nooS","It's half past ... 12 options"
"Time","ال... و رُبِعة","il-... w roobi3a","It's quarter past ... 12 options"
"Time","ال... إلا رُبِعة","il-... ila roobi3a","It's quarter to ... 12 options"
"Time","عأي ساعة؟","3aee sa3a?","At what time?"
"Time","ع ...","3","At ... 12 options"
"Time","هَلَّأ","hallaa","Now Functional"
"Time","بَعدَين","ba3dayn","Later Functional"
"Time","قَبل","qabl","Earlier Functional"
"Time","بَعد ساعة","ba3d sa3a","An hour later"
"Time","قَبل ساعة","qabl sa3a","An hour ago"
"Time","بَعد شْوَي","ba3d shway","A little later"
"Time","قَبل شْوَي","qabl shway","Not long little ago"
"Time","مُتأخِر","mootakhir","Late Adjective"
"Time","بَكير","bakeer","Early Adjective"
"Time","قَريباً","qareeban","Soon Functional"
"Time","نَهار","nahar","Daytime Noun"
"Time","صُبح","SoobH","Morning Noun"
"Time","ظُهر","Zoohr","Noon Noun"
"Time","بَعد الظُهر","ba3d iZ-Zoohr","Afternoon"
"Time","مَسا","masa","Evening Noun"
"Time","لَيل","layl","Nighttime Noun"
"Time","نُص اللَيل","nooS il-layl","Midnight"
"Time","ثَانِيِّة","thaniia","Second Noun"
"Time","ثَواني","thawanee","Seconds"
"Time","دَقِيقة","daqiqa","Minute Noun"
"Time","دَقايق","daqaeeq","Minutes"
"Time","ساعة","sa3a","Hour Noun"
"Time","ساعات","sa3at","Hours Noun"
"Time","يُوم","yoom","Day Noun"
"Time","أيام","aeeam","Days"
"Time","ساعة وَحدة","sa3a waHda","One o'clock"
"Time","ساعة تِنتَين","sa3a tintayn","Two o'clock"
"Time","ساعة تَلاتة","sa3a talata","Three o'clock"
"Time","ساعة أربعة","sa3a arb3a","Four o'clock"
"Time","ساعة خَمسَة","sa3a khamsaa","Five o'clock"
"Time","ساعة سِتّة","sa3a sitta","Six o'clock"
"Time","ساعة سَبعة","sa3a sab3a","Seven o'clock"
"Time","ساعة تَمَنية","sa3a tamaneea","Eight o'clock"
"Time","ساعة تِسعة","sa3a tis3a","Nine o'clock"
"Time","ساعة عَشَرة","sa3a 3ashara","Ten o'clock"
"Time","ساعة حَدعَش","sa3a Had3ash","Eleven o'clock"
"Time","ساعة تنَعش","sa3a tna3sh","Twelve o'clock"
"Date","شو اليوم","shoo il-eeoom","What day is it today?"
"Date","اليوم ...","il-eeoom","Today it's ... 7 options"
"Date","يوم الأحَد","yoom il-aHad","Sunday"
"Date","يوم الإتنين","yoom il-itneen","Monday"
"Date","يوم التَلات","yoom it-talat","Tuesday"
"Date","يوم الأربِعة","yoom il-arbi3a","Wednesday"
"Date","يوم الخَميس","yoom il-khamees","Thursday"
"Date","يوم الجُمِع","yoom il-joomi3","Friday"
"Date","يوم السَبت","yoom is-sabt","Saturday"
"Date","اليوم","il-eeoom","Today Functional"
"Date","بُكرا","bookra","Tomorrow Functional"
"Date","مبارِح","mbariH","Yesterday Noun"
"Date","أوَّل مبارِح","aooooal mbariH","The day before yesterday"
"Date","بَعد بُكرا","ba3d bookra","The day after tomorrow"
"Date","بَعد ... أيام","ba3d aeeam","In ... days time 12 options"
"Date","قَبل ... أيام","qabl aeeam","... days ago 12 options"
"Date","الصُبح","iS-SoobH","This morning"
"Date","المَسَا","il-masa","This evening Noun"
"Date","اللّيلة","il-lleela","Tonight Functional"
"Date","هال...","hal...","This ... 3 options"
"Date","ال... الجاي","il-... il-jaee","Next ... 3 options"
"Date","ال... الماضي","il-... il-maDee","Last ... 3 options"
"Date","أُسبُوع","oosboo3","Week Noun"
"Date","شَهِر","shahir","Month Noun"
"Date","سَنة","sana","Year Noun"
"Date","أسَبيع","asabee3","Weeks"
"Date","أُشهُر","ooshhoor","Months"
"Date","سنين","sneen","Years"
"Emergencies","ساعِدني","sa3idnee","Help me"
"Emergencies","بَحتاج مُساعدة","baHtaj moosa3da","I need help"
"Emergencies","عِندي حالة طارئة","3indee Hala Tar2a","I have an emergency"
"Emergencies","لا تِلمِسني","la tilmisnee","Don't touch me"
"Emergencies","وَين ال...؟","wayn il-...?","Where is the ...? 6 options"
"Emergencies","إترِكني لِجالي","itriknee lijalee","Leave me alone"
"Emergencies","أنا ضايع","ana Daee3","I'm lost"
"Emergencies","أنا ضَيِّعت ...ي","ana Dayyi3t ...ee","I lost my ... 6 options"
"Emergencies","شُرطة!","shoorTa!","Police!"
"Emergencies","حرامي","Hramee","Thief!"
"Emergencies","وَقِّف حرامي","waqqif Hramee","Stop thief!"
"Emergencies","نادي شُرطي","nadee shoorTee","Call a police officer"
"Emergencies","رِن الشُرطة","rin ish-shoorTa","Phone the police"
"Emergencies","حَدا سَرَق مِنّي","Hada saraq minnee","Someone robbed me"
"Emergencies","بِدّي أشتَكي عن حَدا","biddee ashtakee 3n Hada","I want to make a complaint against someone"
"Emergencies","أنا مَريض كتير","ana mareeD kteer","I'm really sick"
"Emergencies","بِدّي أسعاف","biddee as3af","I need an ambulance"
"Emergencies","لازِم أروح عَالمُستَشفى","lazim arooH 3almoostashfa","I need to go to hospital"
"Emergencies","مَركِز الشُرطة","markiz ish-shoorTa","Police station"
"Emergencies","مُستَشفى","moostashfa","Hospital Noun"
"Emergencies","سَفارة","safara","Embassy Noun"
"Emergencies","دُكتور","dooktoor","Doctors Noun"
"Emergencies","محَطة بَنزين","mHaTa banzeen","Gas station"
"Emergencies","مَحكَمة","maHkama","Court"
"Emergencies","مُحَامِي","mooHami","Lawyer Noun"
"Emergencies","بِدّي مُحامي","biddee mooHamee","I need a lawyer"
"Emergencies","أنا لازِم أحكي مَع سَفّارَتي","ana lazim aHkee ma3 saffaratee","I need to speak to my embassy"
"Emergencies","قَضية","qaDeea","Court case Noun"
"Emergencies","شَنتة","shanta","Bag Noun"
"Emergencies","جُزدان","joozdan","Wallet Noun"
"Emergencies","كَميرا","kameera","Camera"
"Emergencies","جَوّاز","jawwaz","Passport"
"Emergencies","تَلِفون","talifoon","Telephone Noun"
"Emergencies","مَصاري","maSaree","Money Noun"
"Question words","مين","meen","Who Functional"
"Question words","شو","shoo","What Functional"
"Question words","مَتى","mata","When"
"Question words","وَين","wayn","Where Functional"
"Question words","لَيش","laysh","Why Functional"
"Question words","أيّ","aeeee","Which Functional"
"Question words","كيف","keef","How Functional"
"Question words","قَدَّيش","qaddaysh","How much Functional"
"Question words","كَم","kam","How many Functional"
"Response words","آه","aah","Yes Functional"
"Response words","لا","la","No Functional"
"Response words","مُمكِن","moomkin","Maybe Functional"
"Response words","عالأغلَب","3alaghlab","Probably"
"Response words","أكيد","akeed","Definitely Functional"
"Response words","طَبعاً","Tab3an","Of course"
"Colours","أحمَر","aHmar","Red Adjective"
"Colours","بردقاني","brdqanee","Orange Adjective"
"Colours","أصفَر","aSfar","Yellow Adjective"
"Colours","أخضَر","akhDar","Green Adjective"
"Colours","أزرَق","azraq","Blue Adjective"
"Colours","زَهري","zahree","Pink Adjective"
"Colours","أرجواني","arjooanee","Purple Adjective"
"Colours","أبيَض","abyaD","White Adjective"
"Colours","أسوَد","aswad","Black Adjective"
"Colours","سَكَني","sakanee","Grey"
"Colours","بِنّي","binnee","Brown Adjective"
"Colours","زَيتوني","zaytoonee","Olive green"
"Colours","كُحلي","kooHlee","Navy blue Adjective"
"Colours","خَمري","khamree","Dark red"
"Colours","فَضّي","faDDee","Silver Adjective"
"Colours","ذَهبي","dhahbee","Gold Adjective"
"Colours","... فاتِح","fatiH","Light ... 16 options"
"Colours","... غامِق","ghamiq","Dark ... 16 options"
"Work","أنا بَشتَغِل ...","ana bashtaghil","I work as a ... 10 options"
"Work","شو بتِشتَغِل؟","shoo btishtaghil?","What do you work as?"
"Work","أنا بداوَم مِن ساعة ...","ana bdawam min sa3a","I work from ... o'clock"
"Work","أنا بداوَم لِساعة ...","ana bdawam lisa3a","I work until ... o'clock"
"Work","قَدَّيش راتِبَك؟","qaddaysh ratibak?","How much is your salary?"
"Work","راتِبي ... كُلّ شَهَر","ratibee kooll shahar","My salary is ... every month"
"Work","دُكتور","dooktoor","Doctor Noun"
"Work","مُدَرِّس / مُعلِّم","moodarris moo3llim","Teacher"
"Work","مُهَندَس","moohandas","Engineer Noun"
"Work","عالِم","3alim","Scientist"
"Work","نَضّاف","naDDaf","Cleaner"
"Work","طَبّاخ","Tabbakh","Chef Noun"
"Work","خَبّاز","khabbaz","Baker"
"Work","خَضّار","khaDDar","Grocer"
"Work","فَنّان","fannan","Artist Noun"
"Work","كاتِب","katib","Writer Noun"
"Countries","الشَرَق الأوسَط","ish-sharaq il-aoosaT","The middle east"
"Countries","الشام","ish-sham","The levant"
"Countries","آسيا","aaseea","Asia"
"Countries","أُروبّا","ooroobba","Europe Noun"
"Countries","أمريكا الجَنوبية","amreeka il-janoobeea","South America"
"Countries","أمريكا الشَمالية","amreeka ish-shamaleea","North America"
"Countries","فَلَسطين","falasTeen","Palestine Noun"
"Countries","سوريا","sooreea","Syria Noun"
"Countries","لُبنان","loobnan","Lebanon Noun"
"Countries","الأُردُن","il-oordoon","Jordan Noun"
"Countries","العِراق","il-3iraq","Iraq Noun"
"Countries","إيران","ieeran","Iran Noun"
"Countries","إسرائيل","isra2eel","Israel Noun"
"Countries","كوَيت","kwayt","Kuwait Noun"
"Countries","عُمان","3ooman","Oman Noun"
"Countries","اليَمَن","il-yaman","Yemen Noun"
"Countries","السَعوديّة","is-sa3oodeeeea","Saudi Arabia Noun"
"Countries","الإمارات","il-imarat","The Emirates Noun"
"Countries","بَحرَين","baHrayn","Bahrain Noun"
"Countries","مَصر","maSr","Egypt Noun"
"Countries","سودان","soodan","Sudan Noun"
"Countries","الصومال","iS-Soomal","Somalia Noun"
"Countries","ليبيا","leebeea","Libya Noun"
"Countries","تونِس","toonis","Tunisia Noun"
"Countries","الجزائر","il-jza2r","Algeria Noun"
"Countries","المَغرَب","il-maghrab","Morocco Noun"
"Countries","الصَحراء الغَربيّة","iS-SaHra2 il-gharbeeeea","The Western Sahara"
"Countries","مالي","malee","Mali Noun"
"Countries","برِيطانيا","briTaneea","Britain Noun"
"Countries","فرَنسا","fransa","France Noun"
"Countries","ألمانيا","almaneea","Germany Noun"
"Countries","بَلجيكا","baljeeka","Belgium Noun"
"Countries","إيطاليا","ieeTaleea","Italy Noun"
"Countries","إسبانيا","isbaneea","Spain Noun"
"Countries","بُلاندا","boolanda","Poland Noun"
"Countries","هُلاندا","hoolanda","Netherlands Noun"
"Countries","نِمسا","nimsa","Austria"
"Countries","اليونان","il-eeoonan","Greece Noun"
"Countries","روسيّا","rooseeeea","Russia Noun"
"Countries","الصين","iS-Seen","China Noun"
"Countries","الهِند","il-hind","India Noun"
"Countries","اليابان","il-eeaban","Japan Noun"
"Countries","باكِستان","bakistan","Pakistan Noun"
"Countries","أفغَنِستان","afghanistan","Afghanistan Noun"
"Countries","تُركيّا","toorkeeeea","Turkey Noun"
"Countries","إندونيسيا","indooneeseea","Indonesia Noun"
"Countries","الأرجَنتينا","il-arjanteena","Argentina Noun"
"Countries","برازيل","brazeel","Brazil Noun"
"Countries","كَنَدا","kanada","Canada Noun"
"Countries","كولومبيا","kooloombeea","Colombia Noun"
"Countries","المَكسيك","il-makseek","Mexico Noun"
"Countries","أمريكا","amreeka","America (USA) Noun"
"Sightseeing","بِدّي أشوف ...","biddee ashoof","I want to see ... 4 options"
"Sightseeing","في فنادِق هُناك؟","fee fnadiq hoonak?","Are there hotels there?"
"Sightseeing","وَين لازِم أزور؟","wayn lazim azoor?","Where should I visit?"
"Sightseeing","مَتى بيفتَح؟","mata beeftaH?","What time does it open?"
"Sightseeing","مَتى بيسَكِّر؟","mata beesakkir?","What time does it close?"
"Sightseeing","قَدَّيش الدُخولية؟","qaddaysh id-dookhooleea?","How much is the admission?"
"Sightseeing","في خَصم للطُلّاب؟","fee khaSm llToollab?","Is there a discount for students?"
"Sightseeing","بِدّي ...","biddee","I'd like a ... 3 options"
"Sightseeing","شامل ال...؟","shaml il-...?","Is the ... included? 4 options"
"Sightseeing","شو هادا؟","shoo hada?","What's that?"
"Sightseeing","مُمكِن أصَوِّر؟","moomkin aSawwir?","Can I take a photo?"
"Sightseeing","كَم ساعة الرِحلة؟","kam sa3a ir-riHla?","How long is the tour?"
"Sightseeing","مَتى بنِرجَع؟","mata bnirja3?","What time will we return?"
"Sightseeing","بَتراء","batra2","Petra"
"Sightseeing","وادي رُم","wadee room","Wadi Rum"
"Sightseeing","البَحر المَيت","il-baHr il-mayt","The dead sea"
"Sightseeing","القُدس القَديمة","il-qoods il-qadeema","Jerusalem Old City"
"Sightseeing","قَلعة","qal3a","Castle Noun"
"Sightseeing","كَنيسة","kaneesa","Church Noun"
"Sightseeing","مَتحَف","matHaf","Museum Noun"
"Sightseeing","ساحة رئيسية","saHa r2eeseea","Main square"
"Sightseeing","مَسجِد","masjid","Mosque Noun"
"Sightseeing","مَدينة قَديمة","madeena qadeema","Old city"
"Sightseeing","قَصر","qaSr","Palace Noun"
"Sightseeing","الأهرام","il-ahram","Pyramids"
"Sightseeing","آثار","aathar","Ruins Noun"
"Sightseeing","بروشور","brooshoor","Brochure"
"Sightseeing","دَليل","daleel","Guide"
"Sightseeing","خَريطة المَنطَقة","khareeTa il-manTaqa","Local map"
"Sightseeing","سَكَن","sakan","Accommodation Verb"
"Sightseeing","دَخولية","dakhooleea","Admission charge"
"Sightseeing","أَكِل","akil","Food Noun"
"Sightseeing","مواصلات","mooaSlat","Transport Noun"
"Family","إِمّ","imm","Mother Noun"
"Family","أبو","aboo","Father"
"Family","أخو","akhoo","Brother"
"Family","إِخوة","ikhooa","Brothers Noun"
"Family","أُخت","ookht","Sister Noun"
"Family","خَوات","khawat","Sisters"
"Family","إِبِن","ibin","Son Noun"
"Family","بِنت","bint","Daughter Noun"
"Family","ولاد","wlad","Children Noun"
"Family","خالة","khala","Aunt (mother's side) Noun"
"Family","خال","khal","Uncle (mother's side) Noun"
"Family","عمّة","3mma","Aunt (father's side) Noun"
"Family","عمّ","3mm","Uncle (father's side) Noun"
"Family","إبن ...","ibn","Male cousin - ...'s son 4 options"
"Family","بِنت ...","bint","Female cousin - ...'s daughter 4 options"
"Family","جِدّ","jidd","Grandfather Noun"
"Family","جِدّة","jidda","Grandmother Noun"
"Family","في عَندَك ...؟","fee 3andak ...?","Do you have ..."
"Family","كَم شَخص في عائلتَك","kam shakhS fee 3a2ltak","How many people in your family?"
"Family","أنا عَندي ...","ana 3andee","I have a ..."
"Family","في ... أفراد في عايلتي","fee afrad fee 3aeeltee","There are ... people in my family"
"Dating","أنا أعزِب","ana a3zib","I'm single"
"Dating","إنتَ أعزِب؟","inta a3zib?","Are you single?"
"Dating","أنا مُتجَوِّز","ana mootjawwiz","I'm married"
"Dating","أنا مِش مُتجَوِّز","ana mish mootjawwiz","I'm not married"
"Dating","إنتِ مِتجَوِّزة / إنتَ مِتجَوِّز","inti mitjawwiza inta mitjawwiz","Are you married? (f./m.)"
"Dating","عِندِك حَبيب؟","3indik Habeeb?","Do you have a boyfriend?"
"Dating","عِندَك حَبيبة؟","3indak Habeeba?","Do you have a girlfriend?"
"Feeling ill","بَحِسّ إني مَريض","baHiss inee mareeD","I feel ill"
"Feeling ill","رَح أُمرُض","raH oomrooD","I'm going to be ill"
"Feeling ill","أنا مَريض","ana mareeD","I'm sick"
"Feeling ill","...ي بوجِّعَني","...ee boojji3anee","My ... hurts 24 options"
"Feeling ill","عِندي ألم في ...ي","3indee alm fee ...ee","I have a pain in my ... 24 options"
"Feeling ill","عَندي صُداع","3andee Sooda3","I have a headache"
"Body Parts","جِسم","jism","Body Noun"
"Body Parts","راس","ras","Head Noun"
"Body Parts","إِيد","id","Arm Noun"
"Body Parts","رِجْل","rijl","Leg Noun"
"Body Parts","وِجْه","wijh","Face Noun"
"Body Parts","عَين","3ayn","Eye Noun"
"Body Parts","عيون","3eeoon","Eyes Noun"
"Body Parts","أُنف","oonf","Nose Noun"
"Body Parts","أُذن","oodhn","Ear Noun"
"Body Parts","فَم","fam","Mouth"
"Body Parts","دَقن","daqn","Chin Noun"
"Body Parts","بَطن","baTn","Belly Noun"
"Body Parts","كَتف","katf","Shoulder Noun"
"Body Parts","ظُهر","Zoohr","Back Noun"
"Body Parts","صِدر","Sidr","Chest Noun"
"Body Parts","إِيد","id","Arm Noun"
"Body Parts","إِيد","id","Hand Noun"
"Body Parts","أُصبِع","ooSbi3","Finger Noun"
"Body Parts","كُوع","koo3","Elbow Noun"
"Body Parts","معِدة","m3ida","Stomach Noun"
"Body Parts","فَخذ","fakhdh","Thigh Noun"
"Body Parts","رُكبة","rookba","Knee Noun"
"Body Parts","قَدم","qadm","Foot Noun"
"Body Parts","أصبَع القَدم","aSba3 il-qadm","Toe"
"Occasions","مَبروك","mabrook","Congratulations"
"Occasions","بالتَوفيق","baltawfeeq","Good luck"
"Occasions","عِيد ميلادَك سَعيد","3id meeladak sa3eed","Happy Birthday"
"Occasions","عِيد مُبارَك","3id moobarak","Happy Eid"
"Occasions","عيد ميلاد مَجيد","3eed meelad majeed","Happy Christmas"
"Occasions","رَمَضان مُبارَك","ramaDan moobarak","Happy Ramadan"
"Sports","رياضة","reeaDa","Sport Noun"
"Sports","بتِلعِب ...؟","btil3ib ...?","Do you play ...? 6 options"
"Sports","أنا بِلعِب ...","ana bil3ib","I play ... 6 options"
"Sports","بتحِبّ ... ؟","btHibb ?","Do you like ...? 6 options"
"Sports","مين بتشَجِّع؟","meen btshajji3?","Who do you support?"
"Sports","أنا بشَجِّع ...","ana bshajji3","I support ..."
"Sports","بِدَّك تِلعِب ... مَعي؟","biddak til3ib ma3ee?","Do you want to play ... with me? 6 options"
"Sports","كُرة القَدم","koora il-qadm","Football"
"Sports","تَنيس طَولة","tanees Tawla","Table tennis"
"Sports","كُرة السَلّة","koora is-salla","Basketball"
"Sports","بِلياردو","bileeardoo","Pool"
"Sports","شَطرَنج","shaTranj","Chess"
"Sports","كُرة الطائرة","koora iT-Ta2ra","Volleyball"
"Personal Pronouns","أنا","ana","I / me Functional"
"Personal Pronouns","إنتَ","inta","You (masc.) Functional"
"Personal Pronouns","إنتِ","inti","You (fem.) Functional"
"Personal Pronouns","إنتو","intoo","You (plu.) Functional"
"Personal Pronouns","هُوَّ","hooa","He Functional"
"Personal Pronouns","هِيَّ","hia","She Functional"
"Personal Pronouns","هُمَّ","hoomma","They Functional"
"Personal Pronouns","إحنا","iHna","We Functional"
"Weather","كيف الجَو؟","keef il-jaw?","How's the weather?"
"Weather","الجَو ...","il-jaw","The weather is ... 7 options"
"Weather","كيف رَح يكون الجَو ...","keef raH ykoon il-jaw","How will the weather be on ...? 7 options"
"Weather","أنا ...","ana","I feel ... 4 options"
"Weather","في ...","fee","There's ... 5 options"
"Weather","هُوَّ فَصل ال...","hooa faSl il-...","It's the ... season 4 options"
"Weather","سَقَع","saqa3","Freezing"
"Weather","بَرد","bard","Cold Adjective"
"Weather","حَلو","Haloo","Nice Adjective"
"Weather","لَطيف","laTeef","Fresh"
"Weather","شَوب","shawb","Warm Adjective"
"Weather","حَرّ","Harr","Hot Adjective"
"Weather","نار","nar","So hot (fire)"
"Weather","شَوبان","shawban","Warm Adjective"
"Weather","بَردان","bardan","Cold Adjective"
"Weather","سَقعان","saq3an","Freezing"
"Weather","حَميان","Hameean","Hot"
"Weather","شِتي","shitee","Rain Noun"
"Weather","تَلج","talj","Snow Noun"
"Weather","شَمس","shams","Sun Noun"
"Weather","ضَباب","Dabab","Fog Noun"
"Weather","غَيوم","ghayoom","Clouds Noun"
"Weather","رَبيع","rabee3","Spring Noun"
"Weather","صَيف","Sayf","Summer Noun"
"Weather","خَريف","khareef","Autumn Noun"
"Weather","شِتا","shita","Winter Noun"
"Adverbs","شوَي","shway","A little Adjective"
"Adverbs","كتير","kteer","A lot Adjective"
"Adverbs","بِالكاد","bialkad","Barely"
"Adverbs","عالآخِر","3alaakhir","Extremely"
"Adverbs","لألله","lallh","""To Allah"""
"Adverbs","دايماً","daeeman","Always Functional"
"Adverbs","كتير مَرّات","kteer marrat","Often"
"Adverbs","مَرّات","marrat","Sometimes"
"Adverbs","بِالعادة","bial3ada","Usually"
"Adverbs","قَليلاً","qaleelan","Rarely"
"Adverbs","أبَداً","abadan","Never Functional"
"Adverbs","يِمكِن","yimkin","Perhaps Functional"
"Adverbs","أكيد","akeed","Definitely Functional"
"Adverbs","غالِباً","ghaliban","Probably Functional"
"Adverbs","طَبعاً","Tab3an","Naturally"
"Dictionary","حادِث","Hadith","Accident Noun"
"Dictionary","سَكَن","sakan","Accommodation Verb"
"Dictionary","موَصِّل","mwaSSil","Adapter"
"Dictionary","عِنوان","3inooan","Address Noun"
"Dictionary","بَعد","ba3d","After Functional"
"Dictionary","مكَيِّف","mkayyif","Air conditioning Adjective"
"Dictionary","طَيارة","Tayara","Airplane Noun"
"Dictionary","مَطار","maTar","Airport Noun"
"Dictionary","الكُحول","il-kooHool","Alcohol"
"Dictionary","كُلّ","kooll","All Noun"
"Dictionary","حَساسية","Hasaseea","Allergy Noun"
"Dictionary","إسعاف","is3af","Ambulance Noun"
"Dictionary","وُ","woo","And Functional"
"Dictionary","كاحِل","kaHil","Ankle Noun"
"Dictionary","ذِراع","dhira3","Arm Noun"
"Dictionary","متَكّة","mtakka","Ashtray"
"Dictionary","جِهاز الصرافة","jihaz iS-Srafa","ATM"
"Dictionary","طِفل","Tifl","Baby Noun"
"Dictionary","ظُهر","Zoohr","Back Noun"
"Dictionary","شَنتة ظَهر","shanta Zahr","Backpack"
"Dictionary","سَيء","say2","Bad Adjective"
"Dictionary","مَكان لَجَمِع الشَنتات","makan lajami3 ish-shantat","Baggage Claim"
"Dictionary","بَنك","bank","Bank Noun"
"Dictionary","بار","bar","Bar"
"Dictionary","حَمّام","Hammam","Bathroom Noun"
"Dictionary","بَطارية","baTareea","Battery"
"Dictionary","جَميل","jameel","Beautiful"
"Dictionary","بيرا","beera","Beer"
"Dictionary","قَبل","qabl","Before Functional"
"Dictionary","خَلف","khalf","Behind"
"Dictionary","بِسيكلِت","biseeklit","Bicycle Noun"
"Dictionary","كَبير","kabeer","Big Adjective"
"Dictionary","حِساب","Hisab","Bill Noun"
"Dictionary","بَطَنيّة","baTaneeeea","Blanket"
"Dictionary","فِئة الدَم","fi2a id-dam","Blood group"
"Dictionary","سَفينة","safeena","Boat Noun"
"Dictionary","كِتاب","kitab","Book Noun"
"Dictionary","بَحجَز","baHjaz","Book (I book / reserve)"
"Dictionary","قَنينة","qaneena","Bottle Noun"
"Dictionary","فاتِح القنينات","fatiH il-qneenat","Bottle opener"
"Dictionary","وَلَد","walad","Boy Noun"
"Dictionary","فطور","fToor","Breakfast Noun"
"Dictionary","مَكسور","maksoor","Broken Adjective"
"Dictionary","باص","baS","Bus Noun"
"Dictionary","شَركة","sharka","Business Noun"
"Dictionary","بِشتَري","bishtaree","Buy (I buy)"
"Dictionary","مَقهى","maqha","Café Noun"
"Dictionary","كاميرا","kameera","Camera"
"Dictionary","مُخَيِّم","mookhayyim","Camp site"
"Dictionary","عِلبة","3ilba","Can Noun"
"Dictionary","بَلغي","balghee","Cancel (I cancel)"
"Dictionary","سَيارة","sayara","Car Noun"
"Dictionary","مَصاري","maSaree","Cash Noun"
"Dictionary","موبَيل","moobayl","Cell phone"
"Dictionary","وَسط","wasT","Centre Noun"
"Dictionary","بَصَرِّف","baSarrif","Change (I change money)"
"Dictionary","رَخِيص","rakhiS","Cheap Adjective"
"Dictionary","حِساب","Hisab","Check (bill) Noun"
"Dictionary","مَكتَب التَسجيل","maktab it-tasjeel","Check-in"
"Dictionary","صِدر","Sidr","Chest Noun"
"Dictionary","طِفل","Tifl","Child Noun"
"Dictionary","سيغارة","seeghara","Cigarette"
"Dictionary","مَدينة","madeena","City Noun"
"Dictionary","نظيف","nZeef","Clean Adjective"
"Dictionary","مسَكِّر","msakkir","Closed"
"Dictionary","قَهوة","qahooa","Coffee Noun"
"Dictionary","فَراطة","faraTa","Coins Noun"
"Dictionary","بارِد","barid","Cold Adjective"
"Dictionary","بِجي","bijee","Come (I come)"
"Dictionary","كُمبيوتَر","koombeeootar","Computer Noun"
"Dictionary","الواقي","il-ooaqee","Condom"
"Dictionary","عَدَسة الأصقة","3adasa il-aSqa","Contact lenses"
"Dictionary","بَطبَخ","baTbakh","Cook (I cook)"
"Dictionary","تَكلِفة","taklifa","Cost"
"Dictionary","بَطاقة رَصيد","baTaqa raSeed","Credit Card"
"Dictionary","كاسة","kasa","Cup Noun"
"Dictionary","صَرَّافة","Sarrafa","Currency exchange Noun"
"Dictionary","جَمارُك","jamarook","Customs (immigration)"
"Dictionary","خَطير","khaTeer","Dangerous Adjective"
"Dictionary","تاريخ","tareekh","Date Noun"
"Dictionary","يُوم","yoom","Day Noun"
"Dictionary","تأخير","takheer","Delay"
"Dictionary","دُكتور إسنان","dooktoor isnan","Dentist"
"Dictionary","بَغادِر","baghadir","Depart (I depart)"
"Dictionary","قاموس","qamoos","Dictionary Noun"
"Dictionary","عشا","3sha","Dinner Noun"
"Dictionary","مُباشِر","moobashir","Direct"
"Dictionary","وِسخ","wiskh","Dirty Adjective"
"Dictionary","مُعاق","moo3aq","Disabled"
"Dictionary","خَصم","khaSm","Discount"
"Dictionary","دُكتور","dooktoor","Doctor Noun"
"Dictionary","تَخت مِزوِج","takht mizwij","Double bed"
"Dictionary","غُرفة لَشَخصَين","ghoorfa lashakhSayn","Double room"
"Dictionary","مَشروب","mashroob","Drink"
"Dictionary","بَسوق","basooq","Drive (I drive)"
"Dictionary","رُخصة القيادة","rookhSa il-qeeada","Driver's license"
"Dictionary","مُخَدِّرات","mookhaddirat","Drugs"
"Dictionary","أُذن","oodhn","Ear Noun"
"Dictionary","شَرق","sharq","East"
"Dictionary","باكُل","bakool","Eat (I eat)"
"Dictionary","الدَرجة العادية","id-darja il-3adeea","Economy class"
"Dictionary","كَهرِباء","kahriba2","Electricity Noun"
"Dictionary","مَصعَد","maS3ad","Elevator"
"Dictionary","بَريد الَكتروني","bareed il-aktroonee","Email"
"Dictionary","سَفارة","safara","Embassy Noun"
"Dictionary","طارئ","Tar2","Emergency"
"Dictionary","الإنجليزي","il-injleezee","English language"
"Dictionary","مَدخَل","madkhal","Entrance Noun"
"Dictionary","مَسا","masa","Evening Noun"
"Dictionary","سَعر التَحويل","sa3r it-taHooeel","Exchange rate"
"Dictionary","مَخرَج","makhraj","Exit Noun"
"Dictionary","غالِي","ghali","Expensive Adjective"
"Dictionary","بَريد سَريع","bareed saree3","Express mail"
"Dictionary","عَين","3ayn","Eye Noun"
"Dictionary","بَعِيد","ba3id","Far Adjective"
"Dictionary","سَرِيع","sari3","Fast Adjective"
"Dictionary","أَب","ab","Father Noun"
"Dictionary","فيلم","feelm","Film Noun"
"Dictionary","أُصبِع","ooSbi3","Finger Noun"
"Dictionary","صَندوق الإسعاف الأوّل","Sandooq il-is3af il-aooool","First aid kit"
"Dictionary","الدَرَجة الأُولى","id-daraja il-oola","First class"
"Dictionary","سَمَك","samak","Fish Noun"
"Dictionary","أَكِل","akil","Food Noun"
"Dictionary","قَدم","qadm","Foot Noun"
"Dictionary","شَوكة","shawka","Fork Noun"
"Dictionary","مَجاناً","majanan","Free (of charge)"
"Dictionary","صَديق","Sadeeq","Friend Noun"
"Dictionary","فَواكي","fawakee","Fruit Noun"
"Dictionary","مَليان","maleean","Full Adjective"
"Dictionary","مُضحِك","mooDHik","Funny Adjective"
"Dictionary","هَدية","hadeea","Gift Noun"
"Dictionary","بِنت","bint","Girl Noun"
"Dictionary","كاسة","kasa","Glass Noun"
"Dictionary","نَظّارات","naZZarat","Glasses Noun"
"Dictionary","بَروح","barooH","Go (I go)"
"Dictionary","منِيح","mniH","Good Adjective"
"Dictionary","أخضَر","akhDar","Green Adjective"
"Dictionary","دَليل","daleel","Guide"
"Dictionary","نُص","nooS","Half Noun"
"Dictionary","إِيد","id","Hand Noun"
"Dictionary","مَحفَظة يَد","maHfaZa yad","Handbag"
"Dictionary","مَبسُوط","mabsooT","Happy Adjective"
"Dictionary","عِند","3ind","Have Functional"
"Dictionary","هُوَّ","hooa","He Functional"
"Dictionary","راس","ras","Head Noun"
"Dictionary","قَلب","qalb","Heart Noun"
"Dictionary","حَرارة","Harara","Heat Noun"
"Dictionary","ثقِيل","thqil","Heavy Adjective"
"Dictionary","بَساعَد","basa3ad","Help (I help)"
"Dictionary","هون","hoon","Here Functional"
"Dictionary","عالي","3alee","High Adjective"
"Dictionary","طَريق عام","Tareeq 3am","Highway"
"Dictionary","إجازة","ijaza","Holiday"
"Dictionary","مُستَشفى","moostashfa","Hospital Noun"
"Dictionary","حار","Har","Hot"
"Dictionary","فُندُق","foondooq","Hotel Noun"
"Dictionary","جَوعان","jaw3an","Hungry Adjective"
"Dictionary","هَوية","haweea","Identity card"
"Dictionary","مَريض","mareeD","Ill Noun"
"Dictionary","مُهِمّ","moohimm","Important Adjective"
"Dictionary","شامِل","shamil","Included Verb"
"Dictionary","ضَرَر","Darar","Injury"
"Dictionary","تأمين","tameen","Insurance"
"Dictionary","إنتَرنِت","intarnit","Internet"
"Dictionary","مُتَرجِم","mootarjim","Interpreter"
"Dictionary","مُجَوهرات","moojawhrat","Jewellery"
"Dictionary","شُغل","shooghl","Job Noun"
"Dictionary","مِفتاح","miftaH","Key Noun"
"Dictionary","كيلوغرام","keelooghram","Kilogram"
"Dictionary","مَطبَخ","maTbakh","Kitchen Noun"
"Dictionary","سَكينة","sakeena","Knife Noun"
"Dictionary","مَغسَل","maghsal","Laundry"
"Dictionary","مُحَامِي","mooHami","Lawyer Noun"
"Dictionary","يسار","ysar","Left"
"Dictionary","مَكتَب الإحفاظ بِالأمتَعة","maktab il-iHfaZ bialamta3a","Left luggage"
"Dictionary","رِجْل","rijl","Leg Noun"
"Dictionary","سِحاقية","siHaqeea","Lesbian Noun"
"Dictionary","أقَل","aqal","Less"
"Dictionary","رِسالة","risala","Letter Noun"
"Dictionary","مَصعَد","maS3ad","Lift"
"Dictionary","ضَوء","Daw2","Light"
"Dictionary","بَحِبّ","baHibb","Like (I like)"
"Dictionary","قِفل","qifl","Lock"
"Dictionary","طَوِيل","Tawil","Long Adjective"
"Dictionary","ضايع","Daee3","Lost Adjective"
"Dictionary","مَكتَب الأغراض الضائعة","maktab il-aghraD iD-Da23a","Lost property"
"Dictionary","بَحِبّ","baHibb","Love (I love)"
"Dictionary","أمتَعة","amta3a","Luggage"
"Dictionary","غدا","ghda","Lunch Noun"
"Dictionary","بَريد","bareed","Mail"
"Dictionary","رَجُل","rajool","Man Noun"
"Dictionary","خَريطة","khareeTa","Map Noun"
"Dictionary","سوق","sooq","Market Noun"
"Dictionary","كبريت","kbreet","Matches"
"Dictionary","لَحم","laHm","Meat Noun"
"Dictionary","دَوا","dawa","Medicine Noun"
"Dictionary","مانيو","maneeoo","Menu"
"Dictionary","رِسالة","risala","Message Noun"
"Dictionary","حَليب","Haleeb","Milk Noun"
"Dictionary","دَقِيقة","daqiqa","Minute Noun"
"Dictionary","موبَيل","moobayl","Mobile phone"
"Dictionary","مَصاري","maSaree","Money Noun"
"Dictionary","شَهِر","shahir","Month Noun"
"Dictionary","صُبح","SoobH","Morning Noun"
"Dictionary","إِمّ","imm","Mother Noun"
"Dictionary","موتور","mootoor","Motorcycle"
"Dictionary","أوتوستراد","aootoostrad","Motorway"
"Dictionary","تُمّ","toomm","Mouth Noun"
"Dictionary","موسيقى","mooseeqa","Music Noun"
"Dictionary","إسم","ism","Name Noun"
"Dictionary","مَحرَمة","maHrama","Napkin"
"Dictionary","حَفاظة طِفل","HafaZa Tifl","Nappy"
"Dictionary","قَريب","qareeb","Near Noun"
"Dictionary","رَقبة","raqba","Neck Noun"
"Dictionary","جدِيد","jdid","New Adjective"
"Dictionary","أخبار","akhbar","News"
"Dictionary","جَريدة","jareeda","Newspaper Noun"
"Dictionary","لَيلة","layla","Night Noun"
"Dictionary","لا","la","No Functional"
"Dictionary","ضَجيج","Dajeej","Noisy"
"Dictionary","غير المُدَخِّنين","gheer il-moodakhkhineen","Non-smoking"
"Dictionary","شَمال","shamal","North"
"Dictionary","مَنخار","mankhar","Nose Noun"
"Dictionary","هَلَّأ","hallaa","Now Functional"
"Dictionary","رَقم","raqm","Number"
"Dictionary","زَيت","zayt","Oil Noun"
"Dictionary","قدِيم","qdim","Old Adjective"
"Dictionary","تَذكِرة ذَهاب","tadhkira dhahab","One-way ticket"
"Dictionary","مَفتوح","maftooH","Open"
"Dictionary","بَرّا","barra","Outside Noun"
"Dictionary","طَرد","Tard","Package"
"Dictionary","وَرَقة","waraqa","Paper Noun"
"Dictionary","بَصُفّ","baSooff","Park (I park)"
"Dictionary","جَواز السَفر","jawaz is-safr","Passport"
"Dictionary","بَدفَع","badfa3","Pay (I pay)"
"Dictionary","قَلم","qalm","Pen Noun"
"Dictionary","بَنزين","banzeen","Petrol"
"Dictionary","صَيدَلية","Saydaleea","Pharmacy Noun"
"Dictionary","بَطاقة تَليفون","baTaqa taleefoon","Phonecard"
"Dictionary","صورة","Soora","Photo Noun"
"Dictionary","صَحن","SaHn","Plate Noun"
"Dictionary","شُرطة","shoorTa","Police"
"Dictionary","بَطاقة مُعايدة","baTaqa moo3aeeda","Postcard"
"Dictionary","مَكتَب البَريد","maktab il-bareed","Post office"
"Dictionary","حامِل","Hamil","Pregnant Adjective"
"Dictionary","حَق","Haq","Price Noun"
"Dictionary","هادي","hadee","Quiet Functional"
"Dictionary","مَطَر","maTar","Rain Verb"
"Dictionary","شِلفة","shilfa","Razor"
"Dictionary","وَصل","waSl","Receipt Noun"
"Dictionary","أحمَر","aHmar","Red Adjective"
"Dictionary","إعادة مالي","i3ada malee","Refund"
"Dictionary","بَريد مُسَجِّل","bareed moosajjil","Registered mail"
"Dictionary","بَستَأجِّر","bastaajjir","Rent (I rent)"
"Dictionary","بَصَلِّح","baSalliH","Repair (I repair)"
"Dictionary","حَجز","Hajz","Reservation Noun"
"Dictionary","مَطعَم","maT3am","Restaurant Noun"
"Dictionary","بَرجَع","barja3","Return (I return)"
"Dictionary","تَذكِرة ذهاب وإياب","tadhkira dhhab wieeab","Return ticket"
"Dictionary","يَمين","yameen","Right"
"Dictionary","طَريق","Tareeq","Road Noun"
"Dictionary","غُرفة","ghoorfa","Room Noun"
"Dictionary","آمِن","aamin","Safe"
"Dictionary","مَنديل نِسائي","mandeel nisa2ee","Sanitary pad"
"Dictionary","مَقعَد","maq3ad","Seat Noun"
"Dictionary","بَبعَت","bab3at","Send (I send)"
"Dictionary","مَحَطة البَنزين","maHaTa il-banzeen","Service station"
"Dictionary","جِنس","jins","Sex"
"Dictionary","شامبو","shamboo","Shampoo"
"Dictionary","بَشارَك","basharak","Share (I share)"
"Dictionary","مَعجون الحَلاقة","ma3joon il-Halaqa","Shaving cream"
"Dictionary","هِيَّ","hia","She Functional"
"Dictionary","شَرشَف","sharshaf","Sheet (bed)"
"Dictionary","قَميص","qameeS","Shirt Noun"
"Dictionary","بوط","booT","Shoes"
"Dictionary","مَحَلّ","maHall","Shop Noun"
"Dictionary","قَصِير","qaSir","Short Adjective"
"Dictionary","دوش","doosh","Shower"
"Dictionary","غُرفة مِفرِد","ghoorfa mifrid","Single room"
"Dictionary","جِلد","jild","Skin Noun"
"Dictionary","تَنورة","tanoora","Skirt Noun"
"Dictionary","بَنام","banam","Sleep (I sleep)"
"Dictionary","شوَي شوَي","shway shway","Slowly"
"Dictionary","صغِير","Sghir","Small Adjective"
"Dictionary","بَدَخِّن","badakhkhin","Smoke (I smoke)"
"Dictionary","صابون","Saboon","Soap Noun"
"Dictionary","شوَي","shway","Some Adjective"
"Dictionary","قَريب","qareeb","Soon Noun"
"Dictionary","جَنوب","janoob","South"
"Dictionary","مَحَلّ التَذكارات","maHall it-tadhkarat","Souvenir shop"
"Dictionary","بَحكي","baHkee","Speak (I speak)"
"Dictionary","مَعلَقة","ma3laqa","Spoon Noun"
"Dictionary","طابَع","Taba3","Stamp"
"Dictionary","محَطة","mHaTa","Station Noun"
"Dictionary","معِدة","m3ida","Stomach Noun"
"Dictionary","بَوَقِّف","bawaqqif","Stop (I stop)"
"Dictionary","مَوقِف","mawqif","Stop (bus) Noun"
"Dictionary","شارِع","shari3","Street Noun"
"Dictionary","طالِب","Talib","Student Noun"
"Dictionary","شَمس","shams","Sun Noun"
"Dictionary","مَعجون واقي في الشَمس","ma3joon waqee fee ish-shams","Sunscreen"
"Dictionary","بَسبَح","basbaH","Swim (I swim)"
"Dictionary","صَمام النِسائي","Samam in-nisa2ee","Tampons"
"Dictionary","تاكسي","taksee","Taxi Noun"
"Dictionary","مَعلَقة شاي","ma3laqa shaee","Teaspoon"
"Dictionary","إسنان","isnan","Teeth"
"Dictionary","تَلِفون","talifoon","Telephone Noun"
"Dictionary","تلفزيون","tlfzeeoon","Television Noun"
"Dictionary","دَرَجة","daraja","Temperature Noun"
"Dictionary","خَيمة","khayma","Tent Noun"
"Dictionary","هُمَّ","hoomma","They Functional"
"Dictionary","عَطشان","3aTshan","Thirsty Adjective"
"Dictionary","حَلق","Halq","Throat"
"Dictionary","تَذكِرة","tadhkira","Ticket Noun"
"Dictionary","وَقت","waqt","Time Noun"
"Dictionary","تَعبان","ta3ban","Tired Adjective"
"Dictionary","مَحارِم","maHarim","Tissues"
"Dictionary","اليوم","il-eeoom","Today Functional"
"Dictionary","حَمّام","Hammam","Toilet Noun"
"Dictionary","بُكرا","bookra","Tomorrow Functional"
"Dictionary","لَيلة اليوم","layla il-eeoom","Tonight"
"Dictionary","فَرشاة الإسنان","farshaa il-isnan","Toothbrush"
"Dictionary","مَعجون الإسنان","ma3joon il-isnan","Toothpaste"
"Dictionary","مِشعَل كَهرِبائي","mish3al kahriba2ee","Torch"
"Dictionary","دَورة","dawra","Tour"
"Dictionary","مَكتَب السياحة","maktab is-seeaHa","Tourist office"
"Dictionary","مَنشَفة","manshafa","Towel"
"Dictionary","قطار","qTar","Train Noun"
"Dictionary","بَتَرجِّم","batarjjim","Translate (I translate)"
"Dictionary","وَكالة السَفر","wakala is-safr","Travel agency"
"Dictionary","شيك سياحي","sheek seeaHee","Travellers cheque"
"Dictionary","بَنَطلون","banaTloon","Trousers Noun"
"Dictionary","عَجل","3ajl","Tyre Noun"
"Dictionary","لِباس تَحتية","libas taHteea","Underwear"
"Dictionary","مِستَعجِل","mista3jil","Urgent Adjective"
"Dictionary","فاضي","faDee","Vacant Adjective"
"Dictionary","عُطلة","3ooTla","Vacation Noun"
"Dictionary","خَضراوات","khaDraooat","Vegetable"
"Dictionary","نَباتي","nabatee","Vegetarian Noun"
"Dictionary","فيزة","feeza","Visa Noun"
"Dictionary","غَرسُن","gharsoon","Waiter"
"Dictionary","بَمشي","bamshee","Walk (I walk)"
"Dictionary","مَحفَظة","maHfaZa","Wallet Noun"
"Dictionary","دافي","dafee","Warm Adjective"
"Dictionary","بَغَسِّل","baghassil","Wash (I wash)"
"Dictionary","ساعة يَد","sa3a yad","Watch"
"Dictionary","مَي","may","Water Noun"
"Dictionary","إحنا","iHna","We Functional"
"Dictionary","نَهاية الأُسبوع","nahaeea il-oosboo3","Weekend"
"Dictionary","غَرب","gharb","West"
"Dictionary","كُرسي المُقَعِّدين","koorsee il-mooqa33ideen","Wheelchair"
"Dictionary","أيمتى","aeemta","When Functional"
"Dictionary","وَين","wayn","Where Functional"
"Dictionary","أبيَض","abyaD","White Adjective"
"Dictionary","مين","meen","Who Functional"
"Dictionary","لَيش","laysh","Why Functional"
"Dictionary","زُوجة","zooja","Wife Noun"
"Dictionary","شُبّاك","shoobbak","Window Noun"
"Dictionary","نَبيذ","nabeedh","Wine Noun"
"Dictionary","مَع","ma3","With Functional"
"Dictionary","بِدُون","bidoon","Without Functional"
"Dictionary","مَرة","mara","Woman Noun"
"Dictionary","بَكتُب","baktoob","Write (I write)"
"Dictionary","أصفَر","aSfar","Yellow Adjective"
"Dictionary","آه","aah","Yes Functional"
"Dictionary","مبارِح","mbariH","Yesterday Noun"
"Dictionary","إنتَ","inta","You (sg) Functional"
"Dictionary","إنتو","intoo","You (pl) Functional"